image_url,label
a8368405d6b25865783b18dced852526.jpg,0
5cf8499be87c3d1f5853a09822686ace.jpg,0
6dc99c2a6813a637f9b7387f135823e3.jpg,0
e38af2775aadcf60dc10f09ea977054d.jpg,0
d618bf7ad0faa07cca1311de6bfbf2e0.jpg,0
647bcf7ec18336833beaeab6ad14348f.jpg,1
b989d59fd955260b3107e8f5112c0e56.jpg,0
fb0c4afd8f9ba5074fde0dbe44d25534.jpg,0
0ac92e6def2c4bb778863e7046e6375d.jpg,0
6aec509dfbaaa1eca97974f206502962.jpg,0
63bc34bef3bedd7f344e21e1fb0a235f.jpg,0
09765146f5f29fcc87dc5fd2f155fc4d.jpg,1
e625bb1263d2802bf9b27137ffa4a442.jpg,0
3660a95d45387879a4b6b4b132d2de98.jpg,0
d9ab8a82cb9136a91c43471661674757.jpg,2
0b20d9608255826ff33126966e886a8d.jpg,0
526c989ed172794c6e3271706dbb4151.jpg,0
ce86a78d1d470203342b157a5286a663.jpg,0
d81505bc8ba4150a37350d381acdccf0.jpg,0
1d655ccd42c429a27d181e44d73b1225.jpg,0
1a29bc825286ccff2cd961f2c7768230.jpg,0
5a00d7c41254359908bf05d2e850b290.jpg,0
4f6919ed536ce30f6305d8a9329d24cd.jpg,0
7cb93aa57a0811631feefadc5458e364.jpg,0
ecf730acf4b404ed0398a6548665b2d5.jpg,1
cbc47f1a9650c09a80c21f3fee3cf46c.jpg,0
70640d98f2b3ab6c0fa4190a213681fd.jpg,0
cc7a28398ca3d8b66251d06429cc4750.jpg,1
8f484c599314e8fc56364d4fa7654be9.jpg,1
dce675c179ec16f02a9f7a4463fc5035.jpg,0
b1670e6af210d62280329082ab0519d7.jpg,0
796b050015195e10e52ed22c11ad3e40.jpg,1
b71ef25f53f8adf5aefb40a6767dc063.jpg,1
f10bd7a4704ed6ecfb6ead6f1c763650.jpg,1
67717484298cf84a672aa84c4311520f.jpg,0
2f2d22184b4dd9d412e9ee7459f9d2c0.jpg,1
e23cc888172d4f52b558c3d2e11decb0.jpg,0
ac2c5371c3835a78db12e229c87c4cf8.jpg,0
85320314e52d817fafd2711a108df52e.jpg,0
a38828c4ff45eec3c1161329b4c2d7eb.jpg,0
4de2e95831e7dacaa294a830b06dae9f.jpg,0
f899180b10e5224db4557782398f4b76.jpg,0
4d1e5ce485ef155dbc26a7b3ecb821b7.jpg,1
4b623d03a2e417d1d3ed3e2a1a4f201b.jpg,0
c4d5c5aa893e381ec690cf351b0bcce2.jpg,1
7f69599a4b3b788de1814588f952a6ea.jpg,0
319a7dcbd7d039325e332527178264b2.jpg,0
1a51c2f5a129681021e209fcf3394c6c.jpg,0
86d180e5b60e699fccc722f6ba0ab06a.jpg,2
62f4edbd26915738c99121678b4e0eae.jpg,0
b887c57de006abe087b6f9b361a29bce.jpg,0
1f3b2e7d29856dd1e640cf26707ced9b.jpg,0
f36a786f5fa5f1638c39ab15f443844c.jpg,0
abf6aac65421141d1982c53ae0da28b5.jpg,0
eafcc9c96f6109f39774018fca6eeb9a.jpg,1
4c00a362418ea00149c926695f8cc4a0.jpg,0
34ad31e487da163f4230ac74eb3b8d46.jpg,0
4f4bbd73220ae1c88adfdb308088f225.jpg,0
742a292e90e23a944dccb2163c2d0669.jpg,0
0045a383310ada7a244dbe0fabfe4c6e.jpg,0
4ac65590161bb89a86874701740edab2.jpg,2
96ac5f0e127ce55738d69f8d2c19a398.jpg,1
9417e2806c1feadff3a8846e1ce0bdb9.jpg,1
eb3008073a8bee6f3f8b973a7eb14e1c.jpg,1
fd0adbf924cfefcf88688fe41833e4d7.jpg,0
718fb9789e8b40acba0946146c7084b8.jpg,0
9291f8a19eb2b87bb237ce42ef037696.jpg,0
1df0abd48267b16a42d50a8cdb004bd2.jpg,0
5338a61f7e61c9828e3d0fd3183a8dff.jpg,0
c570d8ceba33397225ccb3b2f9c52b44.jpg,1
4819a375181d1bcafd86770192baa9d9.jpg,1
23b98301d394180bd8036ae8a367310e.jpg,0
dafe9f555af1763ae4ad74c5ffb49a37.jpg,0
571c2e724a303d643fd86eb7155ebff2.jpg,0
41c6bc441ba8fe1f7e67e490c5887378.jpg,1
7c6c491afd92a5cbc045b11ca8bf114a.jpg,2
9daf519d75c76a8f379acec314811b12.jpg,1
96b1b11f97848529de8807a747b34a35.jpg,0
1c4fde28b8b9fdc0eb43730823395b83.jpg,2
fc3c4c6eadc88e2e216b3eff6c1fc7a7.jpg,1
003779ade4a3352ee6d550b989e9df15.jpg,0
1485b67669509aa7315bd9f06dd825a1.jpg,0
f4156fdda278cdd2ec2633bacd0d5310.jpg,0
066885ad111ef46cbea7a07eab740bbf.jpg,2
f69c6b2bc811ab2765de7bd266af36b2.jpg,0
eb7849de2e5d5414377304e6c05774dd.jpg,2
679160ad0a1b1793f08c3d36ede43ffb.jpg,2
b25eb1497e68b9ed4f6b83b92482a085.jpg,0
95fc4b14a121e7976e5c3e8a2ac09941.jpg,1
a1d9c95eebeb47a0c88829b621bd31a2.jpg,0
5eec742dde82357ced68a4616957c0ef.jpg,1
840937e183f3371c899108c983f05486.jpg,2
62c4deb53d0949c159fad13b64657e92.jpg,1
c4f71947f583044dfa5befa819cc1ef9.jpg,0
442b35e193c76f14bf1f94492ce93ce6.jpg,0
bb68f487a22c527b41399b5c89ac4f7b.jpg,0
92d2b4a532d5a6ac35b2f047324bed70.jpg,0
e942c596bc0872ed59ff00ea6bab23fc.jpg,0
54b353c555e3002b53fd8e687f4fb913.jpg,0
3a65f897913b5258122d3d3042119ea6.jpg,0
b98d648e9e4c8bafc75d9e3fc4d71ed0.jpg,2
73210c42ff14641206917d17c22dd027.jpg,0
992c1a990cb341c9c6807baec444aa87.jpg,0
9b7df4d26ae8abf6f5ec51dd0e75fe77.jpg,0
bae7de00af14fa67cbf2b053c62add48.jpg,0
bcfb77d670bdb971016dc0019c2e9df3.jpg,1
de0e076a92ddcce319577fc9528b6693.jpg,0
a3356b7e6a33bf61840814d21af817ac.jpg,0
020e1f37c912954d2d03e36bd074bee3.jpg,1
edfbaf9a32dfdc9371bda3251ea5dacf.jpg,0
b521f705cd841cc2fc6fe194463c88c8.jpg,0
f21a277f8f812358bb1140b008ca5e78.jpg,1
062e4f1e3149800ad2e6373a65e25478.jpg,0
9f3907640f5354acbd3a8d642b74a915.jpg,2
7131c52d9ee737e4fb9e35063d812f05.jpg,0
9f8fa0a89e980a5328dfa38e63ae95ef.jpg,0
4a44bec1bc49e83e6462ebffccc69641.jpg,0
7ce68acadb8478e4caa4198a1e2bbdb0.jpg,0
4abcdb50c04fe0884912220d2cce9a6d.jpg,0
dcafd4f7d5fea08a624d49e9a461a07f.jpg,2
c7fc045b77b7820dfc990bb8d3e95629.jpg,0
97dbf32e7d5f694b63d886eec92683fa.jpg,0
41b8769a08c4b9f051e1169517f22be4.jpg,0
82efafaffb19b0bebffe42eb670fe7a1.jpg,0
6015b6a8d21d73a85b5e14e35c722e6f.jpg,0
356fdcc74cbe8372c04aa6c0757769b0.jpg,0
cec50419dff94b2d0b23d98b471d4173.jpg,2
28f1f193adc70f8cfbab23692833c68b.jpg,0
8ff36db0756752f1988d9b8cadf24085.jpg,0
f1148f751dd9cbde7bf22411b63fbe95.jpg,0
2fbc6a4012cbc483b72b9a406fac8f9e.jpg,0
dd652135cc003dc7fc7b411883c34fb7.jpg,0
70eb4f130b86fe8ba8253d9a06f4d1dc.jpg,0
c2e0dfdd4d36f1d1e67634651ac37e2e.jpg,0
ccc851a34676bfa54fa66d56547dc098.jpg,1
e67f88c9d1e7fa44bf81d7ab27ca592d.jpg,0
66d4a25d659cf621aeb571a9c6127172.jpg,0
cde8d59505862aaa647797bf3931d1db.jpg,0
1c7116b64a4f6abb90a0a3d2ed4f4b8a.jpg,0
7dd6faaa575893b745a1e6a154fa8ae8.jpg,0
4fd8fa9a24f56049ec99531ca10d432c.jpg,0
845d6c2bb613c5b5852f09dfde901ef0.jpg,0
b27e3ff242a2141b95e12b24b96cc451.jpg,1
776e414e0324f5ab76f79895528cc494.jpg,0
f339c3a233b0046cb5842d128bc65224.jpg,0
1345ac872248bb9a6e90471192a4ca7d.jpg,1
69c85835002a7fbb41593639c33871ae.jpg,0
6d102f229abeee9b2ed3fd637ba94985.jpg,0
13c02ee99fd23f815bcd72943c396e47.jpg,0
3ee28e77265b25bce4ace4d7faed1dd5.jpg,1
4097770490926cad6b6d3351b79208a7.jpg,0
4eccb363d8ccd32ae335c1e3baeb9b4c.jpg,0
6a099a8a633f4e3c78a9b762a54d0b36.jpg,0
eddee73f5d0c9af5714172d22d9a00ea.jpg,0
8846748e1a1f1f57c321dddf7dcdf7b4.jpg,0
76cde6516891080c14b12575f7910201.jpg,0
0c36a329f6a12c94372b51fe919d5ef0.jpg,1
e8bce5f790e4626fa5d66d8b9e288d1f.jpg,1
629ca945b0d9e83e9b0e05a2e7ab3495.jpg,0
4c4549b204c94f21874394f7879bb312.jpg,0
f7c0b9c878afbbb767f1c030515fbe64.jpg,0
7008ec6f3b87d02999785b67434be750.jpg,0
d4ff3d0485639315eac0e661c3c7cc27.jpg,0
25bf38d491f96e1a5afbb8cfbbb8a760.jpg,0
033af49a47508cf5f4d662e3befb8128.jpg,1
af0be9bd9f8b1014b2e97f48d3291824.jpg,0
a5853658a21160115252de9c9b51ac31.jpg,2
7d6957abc13257b89b62fff3d847b07e.jpg,1
8a11fad2c5df882e85bfa10bcce32167.jpg,0
028c17b4ebd1d8e9585f3f85feb6b88b.jpg,0
c331501c74fa7285d987c37c5c87f78b.jpg,0
245e0c65e99218beb437a3d900aba93a.jpg,0
8601f2ad061697ee22a09a7b2f103601.jpg,0
d01d9fb661d9b4ee4e5fee584ac0e1da.jpg,0
30d1c5e5e8e0accca7dae7d56e8c6f3b.jpg,0
286651ea511aca9b48753ea960775eea.jpg,0
1ecd4300f34b6cbb18951e2d67282cc5.jpg,0
ca8b435f248898f114b55787de7bbbae.jpg,0
02098d813945acea04604188c3ebbea7.jpg,0
6a9180c8e41b6d72b278d3778ea6feef.jpg,0
bb08cb3f0fd9ed2c69963536a6588e79.jpg,0
46e9ecc207a70d814e718b2fa77e3fd1.jpg,0
2579e8842bf870cba157433364c38e7d.jpg,0
a34d15e45dcc6db383dc065d12c7b328.jpg,0
03438c58f8881ddaab3dad9aa886b384.jpg,1
5d920de882c70eff3934234f7a6f93db.jpg,2
afa2612a940c94e13977eec078a5a6bf.jpg,1
f7770d2c6f0bb746b5776a750f0ff200.jpg,0
53e82e220891059be8b14fb43d00bca6.jpg,2
ea1537ee899759aed88bad5a9cc0c9f8.jpg,0
8e4ca2633ab97009c6cf35270fd31a52.jpg,0
7bfe3827fc2af02be48723bd14a652c4.jpg,0
fa0344d3a8825d950cadf3a9c3d36b75.jpg,1
6220071d3e6d4a8b69f2fc4a758bfe82.jpg,0
fcf89429dceb2ea00b9ebe45fbcb28d4.jpg,0
eff02b5b9cdc5eb02fdf4c2cc6a64266.jpg,0
ef5a694fa8d62fc1732cf85a8f83b969.jpg,0
7d4f685deaf5906d38ee0e51846ad22f.jpg,1
3b0d4e6dd5cb143a87e587ae48c26c65.jpg,0
0c9dc90ce2fa8b33afa6817bec86eee9.jpg,0
53fdf65769cf46e6b9345e1eb6202c70.jpg,0
07fbb9514fb4ff7ac74e83964a9482c0.jpg,0
06ce8f2643f734cf74ef2f4af9103b77.jpg,0
4367ecfa6ac7c873e452d488f3611eeb.jpg,2
95a2520d94574cf29e8d34ed9424dec0.jpg,0
ab28e122c99dbbe77575f597624e9ea5.jpg,0
24c941056ed089030cc803525b1c4d62.jpg,1
5168235145e0241ead7d942fa183bc41.jpg,0
33eb07cfa81671547d3faae90cd57b03.jpg,2
d06bb39ebe1ebe66d741287ade0f3927.jpg,0
0798499d72591babe3823d9dd6ecae9e.jpg,0
c69bdbf8c898846e46441561cd80073b.jpg,2
65933e3b41d3a55056124a7db25f2026.jpg,0
896eadb708166914a26b68e8af5cdcb2.jpg,0
59b5b0517dcd3dda81d1f4ec3d81f342.jpg,1
79dbdc177c324906b334e4629ba766cc.jpg,0
8c086ae56d3ccbf1767f111ef004e3dd.jpg,0
3b64586d17daaed3958bf068b895ba48.jpg,0
a4072006728b58a7386049deb813ae8e.jpg,0
66db14f3d93c74e882c4e05fabd22daa.jpg,0
2e583f245b4dcc308881cf831b1acc93.jpg,0
bda70802d7b2c2e6ae7ba4720804a34c.jpg,0
eb5d703b692849e5574f780cd06becce.jpg,0
1eab29c04d324ef74bb01749e2982b32.jpg,0
d53a73035fce21899486fe3833aa1734.jpg,0
0e08fb327705de296a77fc60d7f4afe4.jpg,0
27c6fea5a1ddc73205e72bdf8a0af44d.jpg,0
4971d09384dc6e28c86d10f601098be4.jpg,0
4c288e26775e5221086e44373508574d.jpg,0
bf8aa8d3c2679e0bcadefcfea9d250d6.jpg,1
cd949d84737acd5ab2db6bc09526c4fa.jpg,0
5a7ff50faabbd4d736fcd839ef6d29ea.jpg,1
4a91cb7b1bea31eb99bb9dc9ae9bf0d2.jpg,1
d3d58fe744f2b7b4f7a1b7ca964db042.jpg,0
2834fe754687ad42b27edca7ea86bb40.jpg,0
614094b4ca95257bdfdaf179de9e9bcf.jpg,0
e09b13cbb4b28e2e4084f090712a54e6.jpg,0
5b6db01fa41bd380ee11b89d2cc680e3.jpg,0
9b908ac8be39ca05c8e951a8ab258855.jpg,0
6e86d5191d3a9b2969496ba8e5d958b0.jpg,0
78da6e8b6a1589a5da8decc6cfdc50da.jpg,0
20b2f41362e5867add011cf6226f0fdf.jpg,0
290967c5640534fd99f8502cd24a0760.jpg,1
3dc57e3ffeb61b5ee45144d791695cc2.jpg,0
a8c7f9b17dd7a23c53294188a21b72c1.jpg,0
200bd0ba287892a8b989317b9c68171e.jpg,0
c8ecb35c71675345db6341492b6b2b23.jpg,2
580c9224fde2a27fd456e672d7860c57.jpg,0
1f597226ab53552acedc848bd592119e.jpg,0
029a6e0a6285cd1cd2837eeccec2aa6f.jpg,0
c063345376b6670bebb627707c30b64a.jpg,0
82f4b2e51228bf45a8f18f1c01bca104.jpg,0
cb81bf972d7b1aba1cd85a61c3c602b0.jpg,1
e3ee26820150fffbd44949a8af4829b8.jpg,0
cd6f4b7d2fd77c698c15dc5a3e8ce705.jpg,0
3af8f678802c3fd7e4ce5fa52d97282a.jpg,0
4e51c4092039e72e5ec8b4c8a1c121ca.jpg,0
68d59ed7ae00337002bfbabd024b2d42.jpg,0
95a5c9ca87a59b0cc998ce0398aea9a5.jpg,0
5c05239e499d614c74158784c763db50.jpg,0
95a96debc3de5ac655f4c1858b364162.jpg,0
a8b198806072a555c4bd37d2ff872a66.jpg,2
13959ad00f963f442f969ab1c80e14ce.jpg,0
e2f3ed84d463c0fd8e9f6c5c5a3e6c49.jpg,0
42b3202be95e15f31409074482ba407a.jpg,0
257c274369280294b33e61c8acde988f.jpg,0
c2fe8e742244b049eb905001c468e845.jpg,1
7d9e1d02c696eb1c919822bc13c94dc0.jpg,2
340c8b1f86b78a1291cd423123c83f7e.jpg,0
be72dbc9ae0db15bc1ec819ea7807c9a.jpg,0
beb3baed9376be3a5121a7690eb2215e.jpg,0
a46db08f1c795aeac223912e67835fcb.jpg,0
733f5a4365498e6931a33b0e70cee3eb.jpg,0
62a6bdc6aab44f26b33e89d733bebf95.jpg,2
2fe281cf30f582b993169113395d3385.jpg,0
9b45657636decdf484144f200ad62415.jpg,0
308a808d20d7fdd675e57ff1cef89223.jpg,0
4852f1c33ee2665be12aa5c5893dee42.jpg,1
27d3f70c84c11a400e74246f82648717.jpg,0
8a4dd541630a9ab460977d4b807fe8c6.jpg,0
9c44f3bc69ce27163d279fdcdd08ab0e.jpg,0
925024987af902115f0c6c412fa1c8f5.jpg,1
a4a69a17573db9b39dc2c7073fba7873.jpg,0
ef75e63f8f8982199447e597c719ff41.jpg,0
3ca06c4646f84db5fb405f3ea488cfb9.jpg,0
200eed47332c3128c48f7fd5e5fdf583.jpg,0
1013ec077a519c4a253f548076b1f91b.jpg,0
f8c6c191c00202f3491823caf4090e8b.jpg,0
f11bcdf90f0ca64a86b6a7be9bc327e1.jpg,0
947f99bf83c56def74604fe4158b43a3.jpg,1
4d64871cce18f14aaec30db7f2d4893b.jpg,0
24e56941a41f506ed499f6af99ba1852.jpg,0
9ce366e05ddf7c45643be31b6650b8ea.jpg,0
f42833198b7950ada28cdbefba83827f.jpg,0
b8cad35bd07cea0183ed866aa9ed04e7.jpg,0
4ffb6dfb75a54a661c0d86896c92284e.jpg,0
a1f936cca5a8db30317b2a85a6d4c413.jpg,0
7707aaf0eb2a118a1e18b053f44a937c.jpg,1
c47128290751fa0b42780de303e52ba9.jpg,0
4a00415df94fd33a0fcea2b43c93749a.jpg,1
ef02fa04334f29207a45786ded5c9209.jpg,0
ea268be1eac7b78d4d391dce08d29c91.jpg,0
adc2702501f8f6acd41c38a7297218f0.jpg,0
f707ec0217aec5333bd09d33af5de8e9.jpg,0
cd66279bee7d7d01ea1891be6130a24a.jpg,1
3cbdc331063c84d4e08abd94888b1992.jpg,0
5ae7bcfbc03e3915a54b355a513003b0.jpg,0
10f5c14bac9f3f848efc1435c36eac3d.jpg,1
54f782c243dd73b84cd9a2ccd56c76db.jpg,0
74b4f0a0a3d52e72e8e3182d54f473a6.jpg,1
0a7dcda06f6dcc904a5c93e4be5754ab.jpg,0
62330c71cffb16d31045d53f435222c0.jpg,0
0aa6e9fe7e2088799084df34046a4cc7.jpg,0
d2411ee19d611a5f848e38808d183b29.jpg,0
0b9574c1df5a0af4befd234a87bc48b3.jpg,0
4f4612e8d4893d4b74f617ffdb2b0ea7.jpg,1
6c88a44148e2a17dfbb3e2dbfb734981.jpg,0
910a587905ff227a4dda0b5e67cd7683.jpg,1
fe8b713ab00d80c7ea190ff6f6fd2d44.jpg,0
1c5d285530cf1321ecab00a23e3dcf52.jpg,0
653a77219bbaf0f12bc7208d1972e378.jpg,2
a1e02cc68530f72ace636aa4c2535153.jpg,0
1f278d0864fe463493f022bd76e3ce39.jpg,0
2e1542c0c5eb37fe204b831e57af5bb3.jpg,0
df963da1e10063f0af5779b17bef5735.jpg,0
a8ff7d59c7fc0343b90ff9eeef939eaa.jpg,0
a085a7417799094025dfcac699308601.jpg,0
a2daab1f071dac17c2d104502f8396d7.jpg,0
75369537d3abc35b0d9199239f8da9e6.jpg,0
da5c4c4c59d20baa4b06a4f02c89efc1.jpg,0
795cfdf126f72a022db1361b32cc6282.jpg,1
9370d31d91c4ac468fdf91d66d46e0b7.jpg,0
46bf70b9f6bae667201ad6c21fe07ba6.jpg,0
a05afbaf6c701f914e9438cfd22dc88c.jpg,0
2a310fceacbeee8e4841b3eb88691f2b.jpg,0
0ba487dcdef66978d5b797c0fc68f75f.jpg,0
d5937b7733a41d5effdd8c531c96d3f3.jpg,0
ae11b11e1dd10bbf6b2ffe08eb3c4a04.jpg,0
be624a6088400134e1cd8d4f4673d776.jpg,0
23858633c7d49e60a077967bd25a1f45.jpg,1
ae413627616be61fc94ef332539ab7e4.jpg,0
2b183d639718983dfa305cf8e559523d.jpg,0
6b015554bf5159818de82e97eb1828c5.jpg,0
a63ee676a8cb3e345971ea55fa5585cb.jpg,1
1b124b10076b50d45e3d91ff17aea8d0.jpg,0
44a21b464840b419ea99e69f25127b5f.jpg,0
15a76d77947675f0ec08818453658c2d.jpg,0
8be4bec2923abd89345dce59b011671d.jpg,0
9f777668f4a87c9ce4ca3ff70ab7c7b1.jpg,0
928703243b33a1f3fbe4c50394678e2a.jpg,0
3492dd5a5aa90b53fa6fb2e40cad0f4f.jpg,0
851052a9b83a85c3ce7a04b5037b42a9.jpg,0
2b66518986a457283115e73a070a597c.jpg,0
9aefd5a845669baefdc01d6c3d6da25a.jpg,0
4f8f452b483abe95354409ea0766d3ca.jpg,0
465378608b336688f5637a4d3fa72ec7.jpg,0
ead41e000d1357f7c1380bf15f2c2d65.jpg,0
3b62cf843a35e05c310854519cd05cea.jpg,0
cce8f9e38afc1635f755b6da1e7aebdd.jpg,1
d092012158f6eccf9843ed99ac0ff5c6.jpg,0
cc738cbf57ee7a23743b94f019f9e074.jpg,0
f2d872fd809c33c010f27547db5dbe9b.jpg,0
a2217b0d4c1ed265f54d3a2ea9061a70.jpg,1
f679052b37b0da0b75bf6700b3f15db4.jpg,0
1dfccb400bfd4c8d1ee1545d0fc72578.jpg,0
a1a361fd73153de458cfb4353e78642b.jpg,0
4b2a1c6f282f372d83eee8c2274247ff.jpg,1
c9fc389780ecf22dd59b0d585c314d6e.jpg,0
7740f9bf22e4d6575e90e022537436ca.jpg,1
5a3f9472c9d00e33cc1d140b86d02e42.jpg,0
3f666711b8d6cb628ac41d486ae1f4fa.jpg,0
f8656c91e25586ffa4765dbcc36f8660.jpg,1
6a2f0b7ccabeba8821c36d90f8381126.jpg,0
6d175f28ba1b03a33ed1818ca0907c1b.jpg,0
53407ef3e88999975e12e7952f1c401a.jpg,0
2a9f0b191b3577e804767b6be2557629.jpg,0
7dd9af4ea4f0394dd744d3f3fd533040.jpg,0
32410967fc85c49b1cfd8bce801b9364.jpg,0
dcb640136b087873a102f30c7669e5bb.jpg,0
bf0414ee3caa158199528a56f7475a42.jpg,0
681a090721311ecfab397db4c75b7c9b.jpg,0
6744dda8691e44e30cde14533caefa52.jpg,0
372ce170cae96af957914f93c2a0f778.jpg,1
60f46ce991922f14bbf55b2066bca203.jpg,1
f8eb9e55cdeebeee21994088184b8517.jpg,1
a36aeae88ad4558b026104e1ffa28698.jpg,0
ac5904183b56b4a1457d5cece8df7c61.jpg,0
584a88718e70906f505e4d3500914d3f.jpg,0
348d65ebd763bcb7036af7e7651e1b3d.jpg,0
470ad15d01adeab7834eac77936d7e78.jpg,0
485b02f6b6eaa7c5dde5774871e6b8bf.jpg,0
5061e7a84637ea02352e22dde9f20650.jpg,0
b8e332a6216db92b2850969b928bb080.jpg,0
48fb2129d4a79b1606a4a1e0fe1fe9df.jpg,0
8db49f42952d12315d6cf30513d5b51b.jpg,0
2b3f34b5134ba680124b9e1cced555fc.jpg,2
c681b1b2bbdb81f188c4348dc4eb4437.jpg,0
d8ae88062644a68cc55c1546ad941ce8.jpg,1
92b9a0103b468160f1f015eb6795fdd1.jpg,2
214484cb426d9af544ca01b4e3d4ce45.jpg,1
b4484de723df879d5605b8207b2a8219.jpg,0
9c16966bb76a6d72c7eeab3e9d339a7d.jpg,1
4a0bc720b51db5961ee009f9b6ff6d86.jpg,0
2539f21329782084c5c0c018969a117e.jpg,0
b6ac8b566eb9fba764ca7f4c4be14285.jpg,0
a90d9d05d4139a1b5e474c049f89db60.jpg,0
96c49a5585e7e1c36bd61da5e77e9a8f.jpg,0
d4c09494179e1849006a22bb072c3441.jpg,0
e686633d392b824c6b7e350f217ac424.jpg,2
f8b089dcb62389e4f3f35336bda0aa0d.jpg,1
43ebf13fb026396bd27a76345a4a7463.jpg,0
e38a3c8569c6ff510d76ddc5c42c2b0a.jpg,0
35dddc069c508b86abc13315d9abe8eb.jpg,0
e08ad15ca240873b242899d65eca7034.jpg,0
956d317a48fc8f41f8dd8bb285f2c3b4.jpg,1
c464508e6eb1a4d8b37e88829b5d8bd3.jpg,0
d03feb7d38210293fbfbb7af0f703aab.jpg,0
54c4465a36155ad39aa9da97492ac7d6.jpg,0
e44ce4d01214583e2821185b64e696b2.jpg,1
e21c5bb503cde3d5bea7fd3ce191a881.jpg,0
e19b7b72c5a00a4c4d3cbb4b382f2f32.jpg,0
bb73e3daf3baa59744ad6b5ff308b995.jpg,0
1c551ca3e143e60adfb6de9c035ee8d0.jpg,0
a3ff868c266d819a13c0d06eb7a5197c.jpg,0
7d9b3e45db7ec3e5b49ab4743b801489.jpg,0
b601736c5bd581761f14ba3318abb1f7.jpg,0
4066e73c35017d0eb795c2b85b6591f1.jpg,0
66e219c25e766f4d140d096ae9ccc730.jpg,0
d47422e3cfd59adc57936ec4a16e5998.jpg,1
334f81f0046a5c0849ad48802fa87c63.jpg,0
bf18253369573c3e120c524560760b89.jpg,2
cb2f7a0f028c80016c6bda69bddea312.jpg,0
e772da6035d83701804517a616ce0817.jpg,1
58f0ab6823f67fdf9f70d4e5b3dc2bb6.jpg,0
837e3d0f23840ffc8bfb1002f6b93b8f.jpg,0
9d272a58748ca19dca33e81ae41b2454.jpg,0
95ee18a1a5556bd884bc79bd794f5de8.jpg,0
cfcff4eb2983e54b5b516abbb728e3ed.jpg,0
06197ad657e6a594da1c49b3c65d289a.jpg,1
cc00a0240589e839f694a1223fcd97d9.jpg,0
ef997b348ffc69e4febe8e8e4cd008d8.jpg,0
42c7e09950c71ab5d1638402480006f1.jpg,0
475c1fb2ea23757b2f7e2ae4c1fbff6a.jpg,0
03ccb3d9b5d0fda75f3719a031e60de4.jpg,0
e9fa4867988ec17727dd062a9456c53a.jpg,0
7862010155b91f8be9b9a7e6861986cf.jpg,2
19b0570120b41f39aa76adb3ac3c1684.jpg,1
8f9aac4e0e1bc13e1daf9b0a3df6626d.jpg,0
750c177ff742f712fff6ca0df3409aba.jpg,0
73f4f5a6cef0d3236c7a6f409ce363a1.jpg,0
a44dae08693962a140d7a11d0ebb5cf2.jpg,0
0a2ad15d786ee1ed9e2227c2c305cd02.jpg,0
342d47e15d104c7898d10205e26c322e.jpg,0
551329e741db8d73abd6e6197ddb26cd.jpg,0
f328ceab1c07000830cd372f3e79001a.jpg,0
e702d8a913131c3928ce6b14d5316d46.jpg,0
4f6d4101da5ae72303d4d841eba7b206.jpg,0
ddc113e9340b5f6517acf2d9ff08c5b5.jpg,0
113577f24d1fc567c851834ada5cbac5.jpg,0
d651740d50cd8c07195cca40bb095ef7.jpg,0
8ef6b8314da70c968bacb62660028896.jpg,0
dd9283281aee4ff6adfbc8fd1f14a47e.jpg,0
3203d5f3a89bdd465c6826ff40529e78.jpg,0
2835e5d0ffe3ff0d9f17c8f440588885.jpg,0
8e2a0ec30d41656fed37064de32d95f5.jpg,0
2df2915ed9359fd1a610cf36b4fcdcb3.jpg,0
95fffe1022e02fc5ec28ce0250d48243.jpg,0
8e6ba7db3dca360ee8740c1976a07c57.jpg,0
0ca6e75ef8822dc76c9aa9121d233d66.jpg,0
8c71e453223a4716a3ae6bee1e27cf3c.jpg,2
649fe8d40a2572e59b00f505d5424793.jpg,0
d531027534999e270e61af6dbf09ec5b.jpg,0
60a856307671671b3ec386aae2901e83.jpg,0
03c24732f023911d17ea28c8ccc241c5.jpg,0
20bf79134d88be1d93c7c4aa5f90bea1.jpg,0
c2960c43c11788f9f463086697f4487d.jpg,0
8ec1ac641f39e1820d1b602e4b8d3e72.jpg,0
d99094fe6f1a12133586c78da4c17d39.jpg,0
3437c9c06ee7b00dd10276e0cea10305.jpg,0
31c8c1db3c7a5c5c5ba53c789ffa055e.jpg,0
dae5415ddc45ab5ad6ccc5102ff530d4.jpg,1
37e1211b26cd251596c1652bac146ac5.jpg,0
47f269c3324c7d932a67cd4ccc40cba6.jpg,0
e43c77c237ad407d98a5cab97e4895dc.jpg,0
d47324ad0a793fe51b434a7b3257a85f.jpg,0
7cfef775adf1944adde11c173a359bdf.jpg,1
5a128c4a4b3ec5ec05d892894a000147.jpg,0
1384461c9fdc2ca5d538777a790c66c6.jpg,0
90d9053c6ada48a2598b1bec4f3489b2.jpg,0
dc5a161d91cc212e1c6fc1d90a08f7c9.jpg,0
7ea8a4cd9c3ed751b76ec8e962455f7a.jpg,0
195a9d15320c23ec05dfe9f036f962fb.jpg,0
030b03e4a8e3f38e7805399a5b49f56b.jpg,0
1b06baf5d0f86f49cfff4044e7f41c3d.jpg,1
eab785a8ae8b468c1f2f049f8498f863.jpg,0
558c45ac20fc053cecf25812cbf81ceb.jpg,0
bfdc05351d768397b38514e0de3e7bd3.jpg,0
2646566501e80bd22584620905d64c86.jpg,0
687cebb5f851cc4caa3c4fcac7c5c786.jpg,0
c85a67eab17e4a173377226bf31d1349.jpg,0
c674bb17d7850551cc9471714177b520.jpg,0
ff11d9bcc00cb6450277200110588e56.jpg,0
d1cc5ce9de66bc53b401f82ab0f9e891.jpg,0
d5d3cbc1f44a6e498b062110b76d612c.jpg,0
1e5a96d7da30e26d7caf4e7ead933361.jpg,0
7661da71e4f972accc659479232af7e4.jpg,0
f5a7236821764926cb4737ba6d1f303d.jpg,0
f29550582bba12192777fcf44f96eadb.jpg,0
43e3673e684d6ab8ca7f3a15cf4e47e1.jpg,0
6509dbdd43bf4a0dfc8d7411057ac141.jpg,0
a34140163f5cf6d9cb400555d6f19b60.jpg,0
6b0110942ce709a68bd51f2a409abaa8.jpg,1
c3236112292eb9853d08da590f06e98c.jpg,0
6fc6b33f86cf9d295be43662a412d7a7.jpg,0
f2960d5cdfff2f8b1a2955cd960d19ec.jpg,0
b63e5d79cbbcd0c13291e30b35aa742d.jpg,0
6c542a71fd9a2487416c604776712f65.jpg,0
92de8e1e372653927902df4de7a5e2a8.jpg,0
f11a1565a0512187e0ebf38491c86318.jpg,0
fd636aac68f939c7678c4293a3786527.jpg,0
dd8bf56edbaf8e267f4768c1cfb416f3.jpg,1
10e8d041b8352359bcd5b6ea24ec8eb5.jpg,2
6026602bfe6075b07d4b7e9d19193153.jpg,0
c2f7421e3e552f359908e58d49ef4500.jpg,0
5dcec0dde17997daa9884f8320b70216.jpg,0
59986df6f740eac146b83be190fd12cd.jpg,0
3a6ac314ef99b49ff0ff4d46c6aaf31d.jpg,2
afe97614bf464d8e1e3da2e8666ccb7a.jpg,0
2d6ab68f16b759895a572a09c27aadd5.jpg,0
c9da0d8974451a089a5eff0788f87cd1.jpg,0
94e102e628edf209d8031482020ccb66.jpg,0
a5606e373a0f8ef2a477960cc8aaf36b.jpg,0
239ff0b25fea56ab8bd026428f87ae17.jpg,0
adfec118f90ee098bb39d4b5788f2f72.jpg,0
dd7fe15f940ac2f74624413ab0219776.jpg,0
79b8bb27d62b66ce21655dd39e11abd4.jpg,1
c4be6c1a728cf4f04f72dfa8b738dccc.jpg,0
915d130289525834bc934096fa868226.jpg,0
07d06ca20eb6d7445a15a39b9cc90e8f.jpg,2
68585a06c9f45043587493a19dfdf2e0.jpg,0
dd87a465f92894678cdf56ee33775d96.jpg,0
33ec5b5dee17dc454d463c2fbf20ecf2.jpg,0
cc13cec475e3157b53512156f3d213b5.jpg,0
14ff58c5ca20b2adfb86a161da4241fa.jpg,1
a43b8f4edc171c6d93f84cf7c0f0da0e.jpg,0
d0bba2849fb80441281809786fc1ffc2.jpg,2
c3be1a4b8239caa1acc8456b5ab1430b.jpg,2
9c8a02008afeaedee60a78d6d5b75448.jpg,0
bd7255ad25bed91014425e9fa71d2617.jpg,0
bda566204fe2d34bb1072e4dd7030686.jpg,1
d1afd7749a6341f55c9e01e99bc8255d.jpg,0
ffaec57ab160b3b5d57a51d73f7cb6b1.jpg,0
27de78faf58afeda6fe0e87f7d34a5b3.jpg,0
e4ea7cc65dc6cadf045f14a9f6152022.jpg,0
3e50b0f04098126cf7c04e96e1ad9c8d.jpg,2
b774811c23046d5af8c1826652a5df86.jpg,0
232ce872de3e85f96579b744666573c7.jpg,0
398887f778249e65963fda9d5ade27ce.jpg,0
d7758cfdf94016ddb96084c270cd63d1.jpg,0
d87825ebb2da120292d32bf86b5b77b4.jpg,0
ef46292ef245e45b885133b2d4350446.jpg,0
dd91216df73d23fd5e530ed4a92ba329.jpg,0
cbe7b9d7d60e20baf5cd0ee9d13dae27.jpg,0
090cb84c155dd17a4aae68d870802e6e.jpg,0
a4a7a0a4774738e2aa57f1ab9a1d3e4c.jpg,0
1734ef1e2cee64316be805b7c3ebeca7.jpg,2
c8cbc36b5ad4e06fe0f0d70c5d381553.jpg,1
109fc86eb9a701985397cbb65bf4a317.jpg,0
7de84dcbd8ca751f4ebf474654fd1da4.jpg,0
617ec5c5a17b3b0da378bc124d20e5f8.jpg,2
763fc95d0a5710b013f1b62212b72ff6.jpg,1
4e57fd6bb85a28eb5d5f8fb5fc745cb1.jpg,0
525f279c48289d1db131019a91f1f008.jpg,0
2bfdb0284c6714c6c0c7f8078479640f.jpg,0
03b93a6c8cd89d15efe6c6b641dd863e.jpg,0
d1d0283fdd5b9840202378a083dc6ae8.jpg,2
2a53ef1b49b3c4a47a7087a5edbcdd36.jpg,0
7e43a2279f1eabf18af2b8d789df8b13.jpg,0
087933e426dddafddfde85ab3c5b85be.jpg,0
ad5325f91f1c98af0e3ca4a0db5eac7e.jpg,0
734150fcc8224b56eee2cfbc194b6785.jpg,0
d7554605879b939b5cc53b9aa24ab18f.jpg,0
2243649ccd6afbf484c0ad10bb7aa899.jpg,0
1ee791e6707346d5b5c26301b3f48db1.jpg,0
6cc8261909d01088732351170b9cbdf2.jpg,0
ba581b655406ccb231f4a8ced9210971.jpg,0
326d5ed4e18f3a91d6222b88e6ba4961.jpg,2
1f69bfe6415de5dff72bf30e5ec97e5a.jpg,2
8f74586b573a6f63b699c32f45186665.jpg,2
4b3c4786cffab53b0b3818419aff4efd.jpg,1
1b19b7bad134db3bc0f258ccccd685d0.jpg,0
efa04286424da5c67df34548b65b5035.jpg,0
e2a2659dc3ebf63a7847293ad7f62c5b.jpg,0
89c20fba878b204a66ef5022f126f6d9.jpg,0
b83c0cfb0141da3717c383e323b54413.jpg,0
aad7874e3473c64e5c62360b355b95a2.jpg,0
92c306478167b1db417bd16fa42eea49.jpg,0
dc16ca7d45499bcdc8bd0624ce5f67c4.jpg,0
ac233ce1f391f027e0a6753a69bbb810.jpg,2
8deed0a247266fe088a246c7512356f4.jpg,0
d73f3c2e3e455c4b287c5d7bbf3f0c7c.jpg,0
efc414746fd68d363587ce5a42be90bb.jpg,0
f91e07578e952b20cdf33bf5abbc429f.jpg,0
f6e56ebcdd6431b807491ed31c4e68ee.jpg,0
482e97932bf2a20fe346b3ddbfa0c700.jpg,0
01b25dce562869df5c8d255d293a7703.jpg,0
ab6150c6385c31ec03352e39466ca571.jpg,0
f8c9c42a3ccd119fa9003d128ac6671b.jpg,0
d3e3247fd0799aed5571c66c3d6b1f59.jpg,2
c2330e32c6b081e9f244d44a39108cdc.jpg,1
42a1edc72576c70d2f6d356a69a1f49e.jpg,0
7098412a598d5b8f57df92a7c4bf14d3.jpg,0
424c531b908735b81e6f54bd936212b8.jpg,0
8ff6d18ac84fff70be59dde3dbc73e53.jpg,1
a4cbac8c9e62fad6af5ef45b6eead6a7.jpg,1
cf4ef3933aa5bed8e5753e2cf6f40288.jpg,0
6d7434c27a52aa47cddf73c44a87cdd7.jpg,0
00d28f1e40cf3b17c4970aabcca1537d.jpg,0
814fdf0fc01026fa16115ee6061fa08b.jpg,0
847ed75613019dbbce0bf21240618d62.jpg,2
7c52161ff78d9541ed67d64485d70cc8.jpg,0
9ff938d705a612ecb58d4c70e2937710.jpg,0
3c5c7bab9ac2cf8dd6f59f6467ccedbd.jpg,0
abb1e1cdec7ff990eb54e27954b49648.jpg,1
238c64a6b7479a517aa4daedb83187b0.jpg,0
ff35e2dd1d423584d8e2ea1fb524e2a1.jpg,0
99ac8d798bf95530022accfffda32e60.jpg,0
3c8dc079a13a9d0c3d877e7572b67e42.jpg,0
265af694b1cc32b1fba5366b9dc09d2a.jpg,0
b4ab75391696cfd9ff5633b7b7f93bad.jpg,0
01178b6746aa213248c560445d7760dd.jpg,0
419d9309b9544420b41c82c8d21ee23e.jpg,0
e687773accc6e4944f5a14c4e1e9c871.jpg,0
6d3879fa6244e14a99e167dc01f69ff0.jpg,0
767ac9bcaf5d6f86c8f560c5d7882f84.jpg,0
57d10b7440c2ff79fc87907c2c36b10a.jpg,0
dc5ea015872b6dbd5a1d81639f7dbba3.jpg,0
4336dd22a059989e2820aac6e853c817.jpg,0
7d7ddeacaa9dc58f76c15c0d69f19c37.jpg,0
a27041ef57d1b900a688cf1fd1c370ff.jpg,0
983fea0d971047c92f29b862bcf20a00.jpg,0
16e4d21ac2833b49a5656131b9037d40.jpg,0
7ea54b9ff000d549d9740ce4a66c8ecb.jpg,0
4ebeb5f767182c0659aa604dc8a0cd8a.jpg,0
9a04e7ab14267de8391febed67101ac2.jpg,0
71a099236a2357843bf8b50864446644.jpg,0
625e83303e30d693738b83865755f5c0.jpg,0
11b112abd32b36e95ed624856e574765.jpg,0
12c970332f3f8e15ce1b0eece6379387.jpg,0
c61d4209c1a05cefea762e5e60392156.jpg,0
75ebf0c68bc1f12e660f1930d248299b.jpg,1
70349e23e8cac355d020a4cf409320ac.jpg,0
879766f03c16144edbfcb1b9ee5559e6.jpg,1
c1a43b37133ce846fb1ce70e9407e7ae.jpg,0
8fff24741922e6cf41a50f187ca16f1a.jpg,0
6a2fa17510af12625ac9f1dfc008bea4.jpg,0
3c443e76a689ecc64db674003d5c931a.jpg,0
fc37784807c807aff4793b7c7bdf17ef.jpg,1
93cdb9b3c05ec7faef72a8e99a275cb5.jpg,1
cb3500d307b3ce326302950858008999.jpg,0
5e58506bd5e0ffdfb27cccbf60972c77.jpg,0
d7ed283a5a4902cfd7d7f6d0d4e5635c.jpg,0
c3396e099d79de7cb7efbd8d69279a3c.jpg,2
a2b093724b782f41fc6ee05a21ddeadf.jpg,0
f1ff27ff5609a6ed9708b0c0cd3f239f.jpg,0
27c7272783e686e65e59d9852dafce0e.jpg,0
61be30a95fcc72b6bc45075a14ee20e0.jpg,0
5acf9e3e3df3966e0e81bacca30ffa69.jpg,1
6365a92b7cbfe7f3bf618613af027c89.jpg,0
41a54b31b5f412e306e490f631ebdf8f.jpg,1
5daae288ca5865ebb3c8239f895ade48.jpg,0
84ca3b607ab10c4da2e261a1efc20497.jpg,0
64930beef4b4e9ae9ac059c83d4cd12c.jpg,0
a9ebc21f0a7a1f1f636d6ebe0fa83c2e.jpg,0
1a30af2fe2ec97bf64b7f1863dcf88c3.jpg,0
488e63d17de5d258ddae5359b5eb58e1.jpg,0
18f7d184149161b52d67ccbbb42a07e5.jpg,0
78feedfcef844d7454636ff02ec70b6a.jpg,0
ad1dc3e5f098f1992f72306336fc482b.jpg,0
7a1670cb0b2c2a5cbbfa2a7e1f6718cc.jpg,0
4f9af26bf47f7343dafb3606fca4a703.jpg,0
ce02049ecf61ce7df4f739801baaacb8.jpg,1
0c0a0942b3baf5b614375d820841b15a.jpg,0
c0ced6b36dd67e43ef787507df20a597.jpg,2
2248f9ab7a654fa64bd80f5a05d710bd.jpg,0
6d74b46ad6a83f428dde5a7826425d6f.jpg,0
b0c564e82de07c81e808a6ed081cb381.jpg,0
dd742992186fc826f64085e4dd600add.jpg,0
c13ca9cbb365938783bb7eb865bd5e8a.jpg,0
c14b67bc15370ab034ebf3334a7117ef.jpg,0
19530189eb89b291d12ecceb014fc63a.jpg,0
90ec44de273666fbb7784857f86fbbeb.jpg,0
ad1689a004aefb64983767b73f22042e.jpg,0
89f62d742c9c854c2868d484c6f52850.jpg,0
84cb9e69b15e3653b00fa24df27cd42a.jpg,0
ac0e42061827aa9bfe80025f28ec064a.jpg,0
9c44feb52ec2937575cfb880ca9e4717.jpg,1
d1e3d8fccab75348d6d2fa1ea5370e0b.jpg,0
e28a4d4b67095c43d193dbb38084bf2e.jpg,0
52a669f20d77f4321572a0f51ec02ee3.jpg,1
71c7ec8949ace4b429e1f14a6d865612.jpg,0
53318c68e56dd116be8150e64784f6af.jpg,0
9638293f145c00054b3531fb41678748.jpg,1
042d38754e15d9a8518f3bd27c40b3df.jpg,2
590fdd3d3bc8f8d110c317d24a94d04e.jpg,1
4caf1ed524c925aed984c5bbb4898e91.jpg,0
3f1dc5e3a93c4fc94b6293d0f23704d1.jpg,0
b759d10733bf96b418090a1c79cb0765.jpg,0
d125497a8683a62f9b6d7460639a6454.jpg,0
4a64a38310d68b6dce9e995c57d69135.jpg,0
682b99867caddc1f83db7e8206b0ee3d.jpg,0
74dda8f06572abd05e9326489f71c294.jpg,0
9fe16beac76b0fced5178162507ebfa5.jpg,0
d46431cfa10c07a3ede6b5e5d269844c.jpg,0
688521fca9f9e73e8da032696643c8f7.jpg,0
2b02594825f7551f0649391a12fd0afe.jpg,0
7c84549e9401863eb1a440876976c27a.jpg,0
efec4e1727b3b013144996f74da4dd88.jpg,0
4ed9c30deaf9ef7117ce9a164c8cdc66.jpg,0
ca3fc3e68ab637b3c08297a33b44c669.jpg,0
a9d1c9f248891b3e5a95ed3a61463d83.jpg,0
166a254b91303b2154ceb4cc5c9da6b8.jpg,1
f5829e5740417afc66482442e62ddec2.jpg,0
99f9bfcc9fd8f1067c95655c428d6aef.jpg,0
2d5b3561f9356a718319a0d68217077d.jpg,2
d4ff63e29847751af6cefaa8f9ab91dc.jpg,0
1d50002291045eb76241abf0284639ef.jpg,2
9a81cd87212527cfe5ae36d200b02dd0.jpg,0
66fec83995c736dc52ce0746488bc970.jpg,0
b924488220fe6aa5c3eaf9752bbc66d5.jpg,0
08e31db777e8edd68988b0a844eb6f74.jpg,0
6dcc8d6aa0f5ef7117040bf4860b188b.jpg,0
ebdcc5bdbbfc168bf0f8f685e93d9850.jpg,0
c9d8c8ab9c152428438a60bbbd25dbba.jpg,0
3882cc048080071e57509393fc58fbd3.jpg,1
5fbc5e7a0e29b5d1b819aa748f15c1b3.jpg,0
b465bae209e52c450da49cbd0021a2cc.jpg,0
36ee48a7fcc55220e5eef06998a3686e.jpg,0
364f9742ee94cd40904c281b02f6ba8b.jpg,0
5d5ecd402c2d71f3e9cf92e6fa5160fe.jpg,0
6b2da7387cfa01c4fbd482d61e45899d.jpg,0
ee9c6407ff2de600d95d36ebde1083b0.jpg,2
1592ecccbc71c4050c16cfb38a14f0f8.jpg,0
99e6f33d2d5caf9f8a29800ae5d2a90f.jpg,0
8d2341cc51fdbfeda62305150d93bf48.jpg,1
730c1cab11d9e4fa8535326574bb6b96.jpg,0
93a4d3b38df2099918e30d5066404be4.jpg,0
9efe6ded41c67a68f6ffb4b83f0dd499.jpg,0
0474a4fc92dc7a4ca626eb8457b2e67a.jpg,0
72f23ea275a2b2ff2c581c73a89e0390.jpg,0
8cc23273235599189363469cfdc1d42f.jpg,0
4ba552222f2581992e7c7d4fe460aa6e.jpg,0
5b3547af47a7bfc16de7632f591015fa.jpg,0
0730f341a4357bd35fa0f59e1922da27.jpg,0
c50d9b012dae3c59c2ee7910f138273b.jpg,0
03c2dfa9d0cd11d8618798356f43fed9.jpg,0
09f0b2b20d8093f6464d31762fcf6ea3.jpg,0
b4e75d9f4df2e263138d8945e7e22804.jpg,1
d6dd0ac39ac2d7b3cdbfee3b7904527c.jpg,0
dc889fd4b69ed903b23e795746ebb3cc.jpg,0
62d231eb26fd47b44bba4fcd47b28d4c.jpg,0
a7fed77e27f9cb02895beee95f5cb73a.jpg,0
7cc6bc98f6a2f4c7ea1e156f5ef0f229.jpg,0
4a3b51cdd190b9f866d45c4f06f539f5.jpg,0
a747d6ad8964c8ff8efc3b46e38faa6a.jpg,0
c28b0441f32087b22006b06fa80a3144.jpg,0
e74c1ef30d6ed512e9f622fe7ef27772.jpg,0
f6a4f26ee2c7011e7670fff491b028b1.jpg,0
a430ce28baf59260d2eb4b4bdd64cbd5.jpg,0
d1faf328b25295ffe85f7dae1c337f93.jpg,0
57d1ef9690affa2990da2199572cda76.jpg,1
31769f76c761131430be82131b8ee2be.jpg,0
601aa6755d273b0bb51a1a5e01843016.jpg,0
314b69d712b29c761d04e2d4bd50af91.jpg,0
aadc465349d3d9020e22c29031d525e1.jpg,0
65a90606601479228ccacf66215c280a.jpg,0
61ad5b3fec2bdc193f0b6919b112e049.jpg,0
d006b43a73bd8fc2a03b848360a0c285.jpg,0
1843c413e4a8b9ae92a947e5ff11fbe0.jpg,0
8cf7d948b9e0c6d9bfa0c883bf4e92d1.jpg,0
1faa3ab643fe87f6ac33237f6cdd0851.jpg,0
8c83885a203f98c2f06e54805b29c674.jpg,2
f27052f2755755729cac9622f2786a97.jpg,0
a04850eed5cefce375a2c269208b4b5b.jpg,0
5716706af8960ee2edc179028c52a21f.jpg,2
ba476d7d4529503cdc1d50a682334e33.jpg,0
e6bdc30b303e05bc9663a9b88755f935.jpg,0
023dfaeba9f2401311c915e4f62f38bc.jpg,0
6ce359b9e265ee93b22d393401fb70a7.jpg,0
12e6f29654c657e3667e1478d426ee91.jpg,0
68bf30db66f4c5565fe66a338a34f99e.jpg,0
937759f66560c0cfff2ba574dcd0f347.jpg,2
38c99a3f7adba042c44f438d2569a816.jpg,2
02ea20da60ad8713a887510c8852bd19.jpg,0
53acbf5d72c503295dd3a4bd5c85e2a5.jpg,2
69c6e718b0a94e325f13472c942bcbf9.jpg,1
8383483f88bf31eafab19539655b35b3.jpg,0
dd3f71d5ca53d4e10dd816d4c9a92b0a.jpg,0
250f136e348759460db2adc6d94bb0e3.jpg,0
16b102d97d44aa6aeb78abaf8396cfd7.jpg,0
392011f5da73f079e84d82bc0d84fa98.jpg,0
cd070f5683d9c9863b86bf78a5bc4ba5.jpg,0
05053d471b8c79f260410466ff873ffd.jpg,0
533883f1eaa68e4fb3366b837c8eb835.jpg,0
517ce00c2684a04e226fdc6ff25140ac.jpg,1
0a20ae2025d1087875e5c8f484035cfb.jpg,0
ac48b8bacaa041ca742c891774c3d568.jpg,0
5476a9528a8c2f41e0f11c1400386c95.jpg,0
1144d6d0e2bd62a7e295aeb0c78253fa.jpg,0
bf664e995cb9fb450539e2f3d366ec6c.jpg,1
371346728cd117b6cd9fa07cd09c7ce1.jpg,0
eeeb0795cf9010300896462d13d5094e.jpg,0
0a6ab2c836a9ca0648610477efb2ed23.jpg,0
854de6f140dd734d44204ce11b419929.jpg,0
6b2b94e8e8587e58c6a1f4e25f6b1a73.jpg,1
ea87601c4cfb341258fdfb5aa8d4ed41.jpg,0
10a31bebd239366d0e05e8f094e3c97a.jpg,0
08d80f707f69e228440fd66596a4eb97.jpg,0
046e7059e3d4641440e3251cb74ce6d0.jpg,0
97ea261ee75a1d24b883c5419b3bcfdf.jpg,0
1615d34d94ca017a754c2f21012d810a.jpg,0
32d48831296ef0e4313645b4eb974ec5.jpg,0
d5f4ef5223c4ac59290adbdabadaecb3.jpg,0
cfae675f3431ae7fd25776561d4cdf7f.jpg,0
7bf51f05f35c46973f3aafb3912add81.jpg,0
b024f649556e805564ff9274543a19b5.jpg,0
f6c904a920ef1fd38689da40235b5600.jpg,0
bc0f2c34f9e1b84ea79697cfa2436bde.jpg,0
2446b88e2d905d95e053fef3657d8a96.jpg,0
bdcca77c1f522c709d07c42a9cf2ec7b.jpg,0
c8a8e1b7ef861e2fe9554cbe90bd322f.jpg,0
806419014d3e8d362183c0e0246a0003.jpg,0
8443b2053a7ea7e3e979f010f392df90.jpg,0
7080887307561b1c023cc060937549b4.jpg,0
79d80353edb1fddf4d525eeb1cb9600f.jpg,0
7d8323b0731f29acb2c847b1b24a4732.jpg,0
4921830514861f0b36e96d6328814e41.jpg,0
80bf29da7d4f31ef2cfabc73f102b4d4.jpg,0
6ca88da19debec7947ced03cbc3a487a.jpg,0
7768143029bec5168bedd9885c319ab8.jpg,0
470d54809db0fdf8974a1096f957737e.jpg,0
910a398a759b3e7579f3a04c96c6cc0a.jpg,0
f8b0f9efef808fc8d6ab7d0d653d6e28.jpg,0
047bba4e1cc35e8a8dbf13cdbb7ba0fb.jpg,2
970c850bf959327b7803fb14cf664c1f.jpg,1
e1d9ff8702052b5c943c9cf8e51495c6.jpg,0
c94a340e9807bfcb8798a6dd419e1f21.jpg,1
53f2fb4866ad659861a78f6ce50e696d.jpg,0
b9b9a19298ad61085cba905bac698979.jpg,0
e0aeca8f2eaa153a7aa2b4e2cc7df15a.jpg,0
606cc2f606df4ad88c989ff50c12464b.jpg,0
952ffce12a732d0a099c610f1671d87e.jpg,0
711e52e4c9a9ca38c7e4ee3154f8f593.jpg,0
cfb31ae853ff770f2d52ec253b846092.jpg,0
ca4fa01810bcaf1c1bc1cac9f4201a5b.jpg,0
035cc375571370c613467f0c7ae4f452.jpg,0
a7cc2134e2b83440247ad439df7242fa.jpg,0
920685df1c911cdf10fe0408e975dd50.jpg,0
e40d0a931e1e93ff899ecf00f2a20637.jpg,0
c0fd8bb4a8b74ef1f60cc4212ecb114d.jpg,0
db390a1a9b25b5e3e72f48f18d67032e.jpg,1
3de46b93ee853552c63951456a3801ab.jpg,1
b6a05a16e6f3a8d152891fc40c2d4e8a.jpg,2
0c596611beaf0b466da3351be955992f.jpg,0
11a34fde666d77771ad48054ecd1af59.jpg,0
571b8984e8feb82adc9bf066795c2b79.jpg,2
3439098132d6f4e2fe81119e4f1c878d.jpg,1
3faf2d8b11c003dadcec319327dd6f4a.jpg,0
28e2c114cc5b0897d6115d1f2c0e792a.jpg,0
8d1ca9a1df5d5190067debdccb525146.jpg,0
2c62e047c5b9d1df50a410a38dee97f6.jpg,0
0701d415daa271ab98ce4ad0a3d39a99.jpg,1
2461de902a678c24a1958efbee5c6254.jpg,2
9cc28eda9b3a4581acee08125b889e85.jpg,0
d9aca1d8d784fdd343c97df4aa497fde.jpg,1
ce6d5b1fd419859f37a768d0fa6d77fa.jpg,0
91fc2649d3f67bfc949179031d921d54.jpg,0
e5da407031ce9dde3d5c236e05ed98fe.jpg,0
7ec87abb0725073cd67a370fa130d7a5.jpg,0
212286ddaae709425bc8d511155b1f54.jpg,0
d40994cccde3348c3a6dc373ac34e2a0.jpg,0
fdee29183c6e41d66e42e5b5e291fa48.jpg,0
9388a645c9595a40b7fd0721543fbf1c.jpg,0
1aefeb5ba63d5f8631f3a83692d31b35.jpg,1
f93d845485fc3971a882f85a3022bd01.jpg,0
d2c66151746b88b8fce6910613dd8fdf.jpg,1
6440d3a2e3cbb5ca8325e2b653ce7d01.jpg,1
97c6fb4d4acdf68b900e088ba84e62d4.jpg,0
61886f38fa3c709aa9ac96ee3d4db161.jpg,0
e6f73af6cc4a78c8689ee63d5786f300.jpg,0
d24955bfcbf4a19dee1da0b764c1e791.jpg,0
b816cd190c241a7627499ba786a71616.jpg,0
d8687d2307e1285745998bfcfa72d0e6.jpg,0
6eb51a1b7bffa275d2d2986fbea0b88a.jpg,0
395488d00cb5e7c464a06d1ee04b4561.jpg,0
57f9b8b18b98744481c306a74fc809b5.jpg,0
fb8af524aa7fcdc4e038fdb8309dfd92.jpg,0
5bd973e08a30e125061bf9b23575530f.jpg,1
14d150b4eefb57080d97bd469f17d2b7.jpg,0
df369d8e43d80a42c98d4c0ae3895a70.jpg,0
7672b45be57bcab6a7a54426e818bd12.jpg,0
8c58b6d07a4fc4a8217eb6c9262ba435.jpg,0
5d092abaa25800c4ec6a89acedc53170.jpg,0
cc85bca7a91190550f400022ec44b25e.jpg,0
214e67cb6c96cbbe3184e5ed46308bfd.jpg,0
85c3132cf743f685d98871bfb114eb8e.jpg,0
4fdfd00aeb1a491bfb4374c558668fb5.jpg,0
c3a0f4b842b397dc36a077492eb9a182.jpg,0
c351f74770a6015904f701a06dc52db0.jpg,0
09250bf2c5b0433e9f94415ff8e4ab43.jpg,0
7b725da3dbe0fd60e463476c001ca009.jpg,0
462ffe1eb3996aaf024096e35e93887a.jpg,0
85dc9f87425fb4608753a5514b8e5c9b.jpg,1
cbf1f4783a36854602ffb5b719b16e64.jpg,0
cde8be16f021b88adde367c0d4c10704.jpg,0
f414e5b4713351a33386a688c613e767.jpg,0
8c7f45ab8d64c4cb88418f173c6cf4a6.jpg,2
2767f974e03f06aba5f855daf003fcf0.jpg,2
e817efb08016e3efd876986d77a07827.jpg,0
5d5832ea1bacb3058805b77c4abb7034.jpg,1
b2de8cbba3ad81b7949e63fd5c4c4fad.jpg,0
afda443f837fc80be5b8eef265c8325b.jpg,0
0d6a06ca4bf3afc19ab0399679f02db0.jpg,0
494a385b404441fda9e96060a1063f85.jpg,0
19f432e226361f8e8de21d4c94e0b490.jpg,0
8170c67f97d0817165f15a108586ce59.jpg,0
23f959efc45086bb3870af4fc6644762.jpg,0
33162cb52424c7ef6dc9dabdd894ef0e.jpg,0
526c7b54f4109a666bee448828bf3272.jpg,0
c6d25b6beb2faead04b8e7cc6ffd3b84.jpg,0
d40c55559c9048548b8bd2670a2dc76b.jpg,0
db1ea567591c14da1d6995b33fd7586d.jpg,0
bd0232086a52a7bac8d7fc4c5b866141.jpg,0
8715685a5c2766b01b0b1965afafdbcb.jpg,0
59b9d6f4dca22baebe298e180e59b557.jpg,0
3f764b180f12821640bcb18225c17a27.jpg,0
20910e8bc60b8b41ca064d35b6063a98.jpg,2
17e00f1d489983bd987300b90093db4f.jpg,0
fdaeaf50f4c71508bb28bac3d5f2b925.jpg,0
30c05b3f84365cd7cfc0a998757aa387.jpg,0
118b0222b0e999349c984cb3c31f6fb7.jpg,0
06ccd45cfc85cf5bdf116e815dd8d27e.jpg,0
0264d4b715c6db79d0d7cdbf9c4efa82.jpg,2
3cf9c9ea88ec768242caab374a131c66.jpg,0
11ce581c7b343a26d540e3d8166e58ce.jpg,0
8e2f28271de02468d6922523ac208263.jpg,1
767b9e438cf3d1e438f39e02bcb705ec.jpg,2
3482da201f9402c78bf85b7159f527df.jpg,0
dfea7ad4caec6218aca65f87427fbd1e.jpg,0
3c4dc3c11d045bef3e5c785724f93eb0.jpg,0
940ff366315fd6b71642ee16c8addd7b.jpg,0
a4f5773a38aa6fd773a01071894ffa97.jpg,1
d90e0034cae27bbd1d1568e7088daab4.jpg,0
128b22c64060da745662b4a4b1e76d8c.jpg,1
ff2b3301d109a1d693dca4615431dfd3.jpg,0
4fa65aa3a480e98486d22f3e2de4805e.jpg,0
bd41d47b50c0ad0796b4862d81476927.jpg,0
23742c54e2669e356a1ef62b276f4692.jpg,0
a3f041772a09e32e08ad8ec3bff5d02c.jpg,0
9f6ba6b5417983241b93c67f980e77f1.jpg,0
6d434864b9acc4d5d9a34da0f22d3501.jpg,0
278373c01591475f144b350d8e0c996e.jpg,2
d213a4d9bec9a735011789b2f65c28e0.jpg,0
f51e0a5d8bf17ecd8246919a27db9890.jpg,0
dc0c7e776f3f5c3f6f48e8d1399038c5.jpg,0
509fa47be82c34615997338e058b08ac.jpg,0
916fca2c03de801ccfd05b8e7a05d1b3.jpg,0
c0757865c23b931404cc92326fbae184.jpg,0
609df1c01fad536f86b943fc5145481f.jpg,0
8e1bf820e9b003d85b174c06bcfc2fb4.jpg,0
0badb47b184833423e409193e25a03f9.jpg,0
4affd8a5aa55da1535b6f268b8b56eaf.jpg,0
e3d65f08fd3c3864f0469e6d5e27cc21.jpg,0
2338beb75a6424dd5597e4de44b9a4a6.jpg,0
cc8ed6460acdbfa1e6be155fdb7db44f.jpg,1
0471378af9ca1c99ead80ca2a95712de.jpg,0
e0f3addb2d85162c08997c4d6d2e6513.jpg,1
4b6e6b34dccfa8ac75c29cacb486907e.jpg,0
93d2baae2fddbdd0024d84917ef454bf.jpg,1
fbce7bf6a6d6c54343c746a875aa7f3c.jpg,0
ef0cfd373ee101004eb97a3c631313e5.jpg,1
9b5da889eb2c917d2ffba53f0c5c8a18.jpg,1
4d8fe2780a7ecb1f58a8172eca49ca5d.jpg,0
9b18bc775119b6a3dd9b5cdcdf2c55b1.jpg,0
8dbab758544556efac93149a70deda8f.jpg,0
15f097e60fd49e2203648eec16bc57d2.jpg,0
810298270a59596a284790e46e782545.jpg,0
3e0e8eda36c126245486c9c0fd7cb4a9.jpg,0
c29eddae6c1bf4605685b4345cf65da7.jpg,0
5a3b73ff9453b1d7a24a7868fba325f3.jpg,1
7d0a368572f792fe073889a069d6ec7d.jpg,0
719af906daf4c6e415a96fd212445a15.jpg,0
dc87264543b249ff580f49632854b90b.jpg,2
326391292d3ca8aca2392d401ca6f759.jpg,0
a7355a55350b717fad3874ad85cd7134.jpg,0
3641ffcb16efc8918b3be5c064523892.jpg,0
7d6e415a9ea582da2684ed9624253401.jpg,0
cc370490714876716265d7dc3b179959.jpg,0
d9e3a6831ef866a54ab797d2e122c080.jpg,2
a8f0b4f71f6f55b1ad05fde27343070b.jpg,0
3c38cf8dacad5595f83ff572d9499496.jpg,0
37a0843f537a45ec9f5797a87544ca4f.jpg,0
bf79a386572567e8df1fc0c6d4f063cb.jpg,0
f32d63b8c6f68eabb24b567cb5f40b80.jpg,0
f1d902361d71f75fd6f61283cacb824d.jpg,0
f1a5490a7e29de5dad80b65c78f98008.jpg,0
95d3ee1094836c306128e6ff0ab91dde.jpg,0
e820c4abf5ca666009cdca906a201a8c.jpg,0
1fbc5b75ec74a9dd288d5cbe9d3ab174.jpg,0
64c7237b2eface87138745e39befac2d.jpg,0
6b0fe209a659779a9dab6a52e3bca57b.jpg,0
5f1b7b08b3c1e3e675e6a86dd3e74dbf.jpg,0
0cc747654e48ee4586a9f9786771c9e9.jpg,0
0ab9344794bbc1716f1885094ea1650a.jpg,1
a3fdba3911def8387bea08c4e4eb4f61.jpg,0
6e347be9e72bcaa255df4389a6044216.jpg,0
13b4552efae1a3accae555d9d48440db.jpg,0
af92849e16f0cdcf3b5fccf968d93f6e.jpg,0
fe61a0b652ae4196408981b9793a5233.jpg,0
5a1b0ea2cbd45925f7ea2de6fc5bb389.jpg,0
fb7c1121a39862d2e1bf483907ed9b55.jpg,0
defc3a24bf9f5c6082d4f9e738dd7eb7.jpg,2
db114a6c6cf8c2d082c72d9d914c6d8d.jpg,0
ed3b1402f1b2a67bd563d1708ec9b4b3.jpg,0
4c548ed8c94742a1da1fdcccda3d6834.jpg,0
7c4addc7826fba33de0cf732415d6d34.jpg,0
363c8c1135434777e401e2d38fa107e9.jpg,1
e7f41d0cb109b63258ae8f3ef549c046.jpg,0
0ce0e5bd19a3454a88ea770601a7797b.jpg,0
cbed8ff21138bdfe8fba64646e40cb20.jpg,0
9786779c1438309bde2427041ee1b2a7.jpg,0
ca43138ea9556a26477b2864e5776e3a.jpg,0
413c9f7265ed2dfb12cf56ed2763c685.jpg,1
195a17b0adc39760a44aed712abc9037.jpg,0
8bb6449a29860598cb61ea919cc21c84.jpg,0
ba962f50b891440fe6354e73abc0a445.jpg,0
33e3d2d2c29e1ce84647bedd1b4aaba2.jpg,2
3dcece208f19ad6a8af904221ddd2b61.jpg,0
5371d8ce12857798947843af9fc67268.jpg,0
8fe1a957e25e78f529f7a1bf529e3e56.jpg,0
465674d57b2036f6e4af0583866af38f.jpg,0
33dfdeb27320558e926930c0b1346a0f.jpg,0
7c5cf19c7a21b24c20bc388110276ee7.jpg,0
242848eaf5280b06e5ac7d2047bdf1f7.jpg,0
4b9d430fa456ffe9f22028c5fec94ba9.jpg,0
8a01f0fe65c4da90341fbe0a4f4853fb.jpg,0
24b198c00e36e6875c65e7b228f482ed.jpg,0
e1e24307a2f54ce2089dc985713f3eda.jpg,0
86263a7e95ed70205d12b44993072af0.jpg,0
5eebb275246aef400f925e436bb735b1.jpg,0
c6a6a5c43dc60ccbd72c8f67338d7a71.jpg,2
bf3321ef0aee54d3bb4610d91e8ef024.jpg,0
74bfce18f17636e2dda22a41b26b23d9.jpg,0
4264e9a396a72fc2a1e5d06c94a2a2c1.jpg,1
34b371d035d1cc486219f88235fb034c.jpg,0
fc60490c8f3bcc35ab0171e5098ea029.jpg,0
1813051804d906dd2bd73e3617471831.jpg,0
c708b6ae8de2d273a5b2ff9ab1e73d18.jpg,1
ecb3125e07b3c41aeeeaf386e451b58a.jpg,0
7c257cc9de04ed513b23ec5fdc9415ab.jpg,2
6723440a09be16533c5cfc6702c2df7f.jpg,0
b803f29e1060cbb51ddfce5f2b08733e.jpg,0
9062f7aea4f9de03f267e12eae7c6bbd.jpg,1
49fb2f22dbfb558ff191c2cab2c7bbbe.jpg,0
331fb6a76aa40d69d1f80ecb0b442525.jpg,0
397d19d4b9de72beab346f11a31aec04.jpg,1
525806d7973ed3a5ab38bebda2aec55a.jpg,1
94fb52d0b775e70092a6b65b26787ea2.jpg,0
4f1f94c57071d9fab7e291075f204931.jpg,0
4af0f16dfede36bb005e796b2fea9bf6.jpg,2
33556a59eb39a0646abd1d8f57176be2.jpg,0
aac142b8c14c5e484b632a4558dc7c07.jpg,0
5f14a2c5f640c9cd4c39e9307ee42d11.jpg,0
26508f1084270c00adf5c4266ca0866e.jpg,1
d76ee9cf891fd13059d42e5abb028bdb.jpg,0
888408c95bc63e667e585cf4dd6ed8c9.jpg,0
89aa2344563d2647cab35450c53230d9.jpg,2
3545540e5711479c11aa7cd7e22edae8.jpg,0
b7c86795360cb7eeef128a8f1f09d04c.jpg,0
235505d53c75f8e0093d3c904dd7fe9c.jpg,0
576a9c47ff93ef5b254a64b5fef6588e.jpg,0
c3dcd233955f2e0dd28f0dceb66868d0.jpg,0
e859fdd63dfa5f937f26e5cb45d9a4cd.jpg,0
33b507a90fcaf55df7c3c79a0ff32ce4.jpg,0
760c7d5ad3a5b8df0a0542d7835da5ed.jpg,2
c52aee08a155b5ce7309fea9b443107a.jpg,0
6f68d7d8ec3039b47cd19aaaaf5c6438.jpg,0
600b3e6408e004bfceda930aec4da2b7.jpg,0
44c49abd6f83ca82ee92eef33a115138.jpg,0
3684589cc020bcd36265f373cf8fab33.jpg,0
62b252ff709055f8efa3affdde93766a.jpg,0
ac5201f536937dfeeacac94fff4fea92.jpg,1
7c863ed3a4d6ac235fcb058b72e28fe1.jpg,0
8e74ea44f44f4eee04cbcaa6fe158888.jpg,2
aa85cd5a93e2296604984a59116d8733.jpg,0
8fbfbf6c6bff9e23e34a4081147368d1.jpg,0
7b03201020095c9c1c994b0f1304d17c.jpg,0
b393316225be6d365dfb587a1a503371.jpg,0
e787445a6b3d460d979687875a329640.jpg,0
497a9de55572d2f4702d6338716ad45a.jpg,0
a552ab1b7fa534f8e7ccc4fc10024441.jpg,1
e73b369c318432f8bd049300772ea053.jpg,1
7fd680af0abe60c4cec694b275e2eb91.jpg,2
9f4f30afe96e0c7af2d020e2f5a60b9b.jpg,1
b18d4f6d0e4e033b731f8930bc7987df.jpg,0
c445d8d07d4c02ab0d4b823b7e0a93e8.jpg,0
8234f50395491745efbc74f8e6422be3.jpg,1
1fe59a1f05c1222659e15a1904548c42.jpg,0
fb2ce7e897d94c1b61370207ae28ac8d.jpg,0
ce682e8794c60805c759ddd5c14960b3.jpg,0
3de9a85ba5bb4f7c06be126e6bd5593a.jpg,0
f47763b103ce14465d4cd41f36b66538.jpg,0
eb8d576ea5139ea77eb569dc97321bef.jpg,1
580a498f61371ae76ebb09dc3c327f57.jpg,1
451374b41298f236746766c3090fe761.jpg,0
5fa7c7fc205a74ff67fcc0a418a32670.jpg,0
f360ea66220db6e51f9fb9f14d7534f9.jpg,0
604ccb9f167df12d93adad19f12335aa.jpg,1
ded4a40caa5aeb29e06eef481a46e4c7.jpg,0
61edb835b487d4c153d1caca61d5e65c.jpg,0
397d6be7c41b13aaf2ad4e230d1a453f.jpg,0
039a27a2a5642ef48490d51695d03752.jpg,0
a6dfcb56a9e076ae18919e46f7c24621.jpg,0
4f1b733494de359b0790e59fe467806a.jpg,1
dc757bfc0ce1a49df1b62612c18f9832.jpg,0
0be2f6f44a85eec1fc07d691e341b49c.jpg,0
911a917f1dad6da2c853825c937180e5.jpg,0
684c855a510027c0982fd87c01f27766.jpg,0
433aecd2a4ca1bb25c100b76dc15e375.jpg,2
142882fa68b5013ea7264bd6db76334e.jpg,0
f09f03d98d66885fcfcf1cd061a0f1d5.jpg,0
e90997a397e7f4f155f69eb85067f3ad.jpg,1
a9394a2361ffad125d97b3b95cd85b7a.jpg,0
cb006f74791cc4840b36c63e9cd188ae.jpg,0
722347fe351f12bbba76da2729c3e336.jpg,0
c48e014223fde941e84791088b301220.jpg,1
b3559eb62d69921ec73de67f5b806da6.jpg,0
e3ce5a925a1f682da8d39776ac5c9448.jpg,2
9a3e6100e9ed5f114b287ac7ea7041c3.jpg,0
f7b38c3939951c9892555c21cf00554f.jpg,0
0ca51c232460f0473e8f7727d186c93a.jpg,1
04afa68bea0c99e179ed93f0609e6845.jpg,0
46931610d296c1fc089210d70622a523.jpg,0
1a405f51ad5c0263f84d8c6e66e563f4.jpg,0
fc10fcf17a712feb2e188fd2d566b96e.jpg,0
a35457b58baa81fa4bcb03db1628a7de.jpg,0
e4a032961b88c1b04b913ff52314f0d8.jpg,0
c69c55e0f5e288c75d844bca96a1e0ef.jpg,0
eda07efc8ebb920fe7e7fca8578502df.jpg,0
fc9fccd713dfa398a855804dfa56f80b.jpg,0
0db183552a6ce7888c56ecc962da3ca1.jpg,0
ef5f52bc9f0420312b40222a1af2c1cb.jpg,2
c858bfd298911d98d9784af825cc61c5.jpg,0
fdf2882d77e98c892013a1e20b377e06.jpg,0
683d790ea494799684142e639ecd9fc7.jpg,0
8e530521692fb6bd641086a1491e5abf.jpg,0
e2979d4bfa2629c749864a563b77b5b5.jpg,2
15c14cc69882db25e023038d51f5338c.jpg,0
617483c7eaf682e6b60a9a1b4b3bd092.jpg,1
7d704c6b5d61048f60652d5e876db1dc.jpg,0
5014d1ec96717046aee5d44f56ab0b7d.jpg,0
9f7c2571502f0c2b3cda3ffca9268569.jpg,0
8cae49b723946864708fea310c1167da.jpg,0
075ab3663b2cb87c0bc73823d6f3dd6c.jpg,0
a9a053970a2df82b1d369b41c4499cf8.jpg,0
19dc469d130c93e33ef92fbbf6459385.jpg,0
762b3cdc02f3ce6f103255b0f1b4095a.jpg,0
3c8997827b10c27bd4b10b0caf5f7762.jpg,0
6fee88277aa1a3727ae0356ef10b970f.jpg,0
2025f0ad6e74260f4ec9be16fd2f2a49.jpg,0
507995909cb66225c9fc4000190b9e5a.jpg,0
00c5c931d72100bc6215acb6f5f35652.jpg,0
1a94b29a94bc89133452aea8a9146fab.jpg,0
938a8e89d9829457fe0dbc9904b16907.jpg,0
d195a0c655e30604032e0be45c41280e.jpg,0
33a4504e84db4cc0076767ab0b64632d.jpg,0
37836dce07b27e9cd679518ab17ca3a9.jpg,0
a242d51125dba71605afda3bb598792a.jpg,0
27287a7b29bac36ea901a4c5b2d56b51.jpg,0
86d45dfe5274f2c6562f884423da3dbf.jpg,0
3674b8987557ab29bf8144babdf5b825.jpg,0
4a3fdcfa168fbdc940b5da13753eecf7.jpg,0
821f1e377805d92aad6054e35d6ecfbf.jpg,0
3a00e6bb1957cbc8b3be100a05041ce7.jpg,0
6deae12c7644848e42d38523ee53e241.jpg,0
6595a301b178706600cd39f66d45f361.jpg,0
d5f6ba90995b6a9af0742fc189a2dc2d.jpg,0
6f0f47f5d9ba9a304eef38cd6ca8c5e8.jpg,0
bb84a19e432cf8ab8490b02a009ca26a.jpg,0
ab4740b6f20c7301cf3fc548e3dcc12b.jpg,0
26cecae53830a1b503bbb218051d3d60.jpg,1
23d93bd39e7f16108298faab28fe07aa.jpg,0
256b2eb589c7f69124149ca5fabb63b9.jpg,0
5c5f42a6640ced464e43a430787a39aa.jpg,0
f99a175df3dee631ae70201ae6c95136.jpg,0
f7a0afb5c442410ad6549686fa25f666.jpg,0
07869dd9432f97d42ff1a436cf301d12.jpg,0
9ff72a128d3cd777092a7364cac8ac29.jpg,1
fae2e38203e1d78d88363a8c3b84b7f1.jpg,0
613bdb0b56d7a1e2be08113c9bdc7f85.jpg,0
df9bd78d6a165facac1112b7559523d1.jpg,0
1382c37439250f0afb2af5c7b0b05b9b.jpg,0
162a5907c08a587dfacc7257012a11a3.jpg,0
08dc017cf4d6a5d0eed85d5959aa1e3d.jpg,0
99ae53bee57a808a0a362a353d8f3703.jpg,0
7422403378e6638d66bc908968de2b91.jpg,0
7dc3738d9dfb1ef65033cd884b7ed154.jpg,2
672402a5ba6984bd5b003797ee5b28bd.jpg,0
17052badfd3388d68521d9ee5506fee3.jpg,0
3ba08197c646d0bd3ef0a1ada8d5ad85.jpg,0
64525bd29d1ea199bc89ec9b14e73504.jpg,1
f3b5a2706c87de3e6563efac374a6a29.jpg,0
a9b7848d6f3b68f2af0ec4f44112f11a.jpg,0
11865d46e97b268518e87854aeefd142.jpg,1
eb703cd688711992309863e0a9842cd4.jpg,0
e3a0b481c156002b0f04874dd82e914b.jpg,0
d3ff2bf5573dba62f0d4acf680f81273.jpg,0
de561df1f50ccdef20dd7e01216533f6.jpg,0
0c18f4e70e81e7c3c6d185fd729471de.jpg,0
1f013c099010072f8fa032905a1a2b37.jpg,0
5d401fd56f847fa00faa00f5b452bb73.jpg,0
5919f3862f953ed2838cfa94428a954f.jpg,0
5a82799a69363b665d08733b307e6720.jpg,0
17d57a35412d3d3bc83bbf051d775d9c.jpg,0
6e7cca780255bf217488e2671dacdd6a.jpg,0
d15227eae2fd17ade428fc04fc4d30c0.jpg,0
8372c06fcf91a3ee6ae424dc1bda8154.jpg,0
b2fab2a2a25c115fd9ace923241cf18b.jpg,1
fe22abc762cfdcae9028601a26b08a5b.jpg,0
6e4b38f2eeade80ae3e2f70c3b69081a.jpg,0
6a4c28397cf0bf1cb6d33386b8d7ecfb.jpg,0
3722f6a49666ae8e2f918b44856b604d.jpg,0
e234768091b43ca519a3f4817f5a902b.jpg,0
40e1f08f263948bcad8ba51c85e18cd9.jpg,0
4e9b04e56886c91438a99b8448d206ba.jpg,0
04a591ee4980a5136b13a3492c55f0b5.jpg,0
3befa70dd824fed28efc37ef3595a0d8.jpg,1
6b525e0495805403e0e904ae48a0bbb1.jpg,0
0c9276005a3ad50d3efb97c913b8bea4.jpg,0
22c6068e512585e20a6aee94742b0ee0.jpg,0
9f7a6942b5b8c41efcfecb3ec6ab4315.jpg,1
a39039bd7b06210718b4ba8b7ae36a72.jpg,0
e2530c81293d7a4da6153aac3716b823.jpg,0
6a7864b98993fac92e4c7b5e8dc48af2.jpg,0
7e3494e2853c7b3173928463f516e4e4.jpg,0
f8ff1d154d83b57838071f54816b4338.jpg,1
b4560b40c239248083b77c8133e27e6a.jpg,0
c347747742e4d72f17ea54557c099d45.jpg,2
9d89c6c2f44ee69038a591e80f68b1ad.jpg,0
10118d3ff31130162ca0366cfb163430.jpg,0
ae6ff1892ac60f15894364d8a469735e.jpg,2
a16cdcebfecabb184a9f20f6fd4dd57c.jpg,0
d7f99abede15800027f70f1eb4264590.jpg,0
300199dd9ce6bcbd6aec14ba64b3daf7.jpg,0
93dc808236e3fa3837fb3046c583ef8c.jpg,2
3d577090042679877340e33deb2fe285.jpg,0
e388017abb68f2db9e8327e67c123d47.jpg,0
a07f529f93796d18b75ef475d46b965a.jpg,0
7a776a28b3f6e5a69253b146b4df0165.jpg,0
485aacec64f3e6c3527f82aaf5f0d91d.jpg,0
301d452d40266c93529e46c2e338da04.jpg,0
350238d1979b685828cc17f88c4fa4a5.jpg,0
40b87c1367d27e2fc0b37491befd283f.jpg,0
aef0febfa95b8cca5f948614d9980964.jpg,0
e4365fb49cac882bfc5519a89b2ae92a.jpg,0
63634ec1eb45b1697981975bf28537ab.jpg,0
76fa24cac367bfba193176c36f197995.jpg,0
cbaeacfd2d236fad9d24d3da2923e54c.jpg,0
eac58eeef5e60c26002e2b4553ef6395.jpg,0
140571c8ff367611558baa3f6e705103.jpg,1
64c25077bda0a80f73063e2ad5e740c9.jpg,0
5cec9948f68059fc1c67f4b8cd766837.jpg,0
bd94c5297d9a1809e3afce15305a3bc8.jpg,0
eda1aea67ef19536aeebc2e843c5fe77.jpg,0
aff8ce55f0459a63ce584c718d054411.jpg,0
fb790992732731a88017d7dc67d6ac0d.jpg,0
8058a704d0a074ef9321e7091736944e.jpg,0
0785144efd7ad6f3b2704541bca0535f.jpg,0
167b3c5ec364e1b11b45305601d0cda1.jpg,0
c0567ef2456ca6a3f199c76cb1e6725b.jpg,2
649830240b7e1914ed22a6e45c1ef7ba.jpg,0
9b5e1bd50e3b279e2162af7f625b1f0c.jpg,0
e408d0ef0d2e309aced45340f5c4f54f.jpg,0
9f24a30539de0f7aaa26fb269f73155e.jpg,0
7bcd9083bbba698a20331b482cce6973.jpg,0
846d5655e3d83fa7c5a0a2511bff011c.jpg,0
0d6342833c09a549f223d9ed4e33bea0.jpg,0
5a18d97871245c69a8a64e252beafde1.jpg,0
22ce8d8a1a7e4b8698df01974b1623d9.jpg,2
41766f1d89908451835133ed6ca5087b.jpg,0
bd6c85a2d21316b2d43f616cfbd0f19a.jpg,0
826cf601c4e5ae33e200cd6aaf181fe0.jpg,0
4bd7e453e0c263aac632cf500c08a242.jpg,0
b5b72c8642b97fe94422b8cc9b5bdd81.jpg,0
4100701fb1ea36545dcd5cf052c1487b.jpg,0
3ff436ce169ae2ac09f3cc8ff547cd4e.jpg,0
1594bb22002eee3a250a55bba2f3c1d7.jpg,2
b1138c478e5fa2a29e69cc6783cab9b8.jpg,0
dbdd7adf6f722c39a9755ad2366530c6.jpg,0
851db782a5cf56f0721a15e339224c12.jpg,0
1e6105cc77f28b3a7c9444f1bdabcbdc.jpg,0
03a927ef46d863d57ef413cb1011ad05.jpg,2
818f5a698b8a99b10417811b3e503e37.jpg,0
bdd678daf31eff3edc91fd56b7ca49b9.jpg,0
4d1db49d901040fa683aac4864c1015e.jpg,0
1709e9af5ae3942b15eae5da110830ed.jpg,0
76b898944d803ff932bb2f105edf90e0.jpg,0
16a2f02517a27332d5ca8a28fdda85fd.jpg,0
6e779d4d4ff6eba857c89731cb748450.jpg,0
0751b97850f4cc9e024b7f2480c61a64.jpg,2
4ca4a836100e175cc1dbda1122c54873.jpg,0
2ae92f149327b2a4f257befe05059eb9.jpg,0
5218c6c762f0e6d5165d635c18d35af1.jpg,0
43ef7ab4a6a6cf669ef529aa51adfb93.jpg,0
c8776cb2e000a2c8cbac642145776815.jpg,0
c73fc170f9de501dca327dd21530b350.jpg,2
a9a2a4f9f02a22514ff49ee74bf03c68.jpg,0
297e97eb3568f787aa0cf508f5e75c13.jpg,0
b72b7138a2e93352917c7a0cfe96ea02.jpg,0
fa7d053d91aa54671983cbe55d089ec2.jpg,0
0096ea4fd118ba5f366890b3f995ca1e.jpg,0
3575419940eb41a76b4b9a092c52eb02.jpg,0
cf2a79819d12e5ab68a23c772123c927.jpg,0
89c44a4f74d5e40c28db10481af8adec.jpg,0
add0deaceaabd8596194d36bc69a5e31.jpg,0
826bcd94f98c23b0e027b848158f9039.jpg,0
327324b4f74fad30d4bf58f173be4e49.jpg,0
2cc632c314e41860917edd01e885c5f1.jpg,0
037334d454cbdc526c85e9b638e4d01c.jpg,0
88acf191d1d1d2643c428835deeb50ce.jpg,0
50cf078683586d0646770b7f9daa1368.jpg,1
403eccc47ff8f709c2964b44947884ee.jpg,0
962237706ee4649d35b845586aaa8495.jpg,0
fe9e82e87ca4ff8191b5ffefe663e2a7.jpg,0
7a6185ec362122a1bd435b25653dbf0d.jpg,0
4e7342cf281ee3435900b82be9634845.jpg,0
df9184f2742e22c79fb37e09142d048b.jpg,2
cb9a566987f17a57f30b097ba8b2e579.jpg,0
5f70b4dd78faa6834b06b64547d72bbb.jpg,0
fb7af6b8cca1d9a2ff4a277d5a78488d.jpg,0
711a5e77f661314aba2b8dd3cd1aa410.jpg,0
78988eb6d198ccc2bc51e4107da0f800.jpg,0
a46fc7287efc9b043b5bf91c2505e192.jpg,0
3a80782d6e33e44b65195723813f4690.jpg,0
75c29a9386736b2949ea6a7075023868.jpg,0
bca2b3f919fcfd828def2a7a187fc6cc.jpg,1
7055787051599738a5d3623b67364358.jpg,0
a585275a319b62b4d0adea89fd587fbc.jpg,0
778bc8a8367983cf84cf7394c8b5cbbf.jpg,0
40c8e871ae39696169fc3d9fe622624d.jpg,0
bc33d396bc2b5e510ccd699eb2cf6964.jpg,2
6ba3361e985f100b1a50fcd8bc141574.jpg,0
847cfccf7f86cd7bf2254af1933292a4.jpg,0
7ba2e968e0771b513f063546b669da32.jpg,1
fc18e675bd334abd762b5251f6110b46.jpg,0
d1163f0e3ed757d2023e86618162e19a.jpg,0
9e687c6e9106b1d308ece8565fe5bce0.jpg,2
792f90e93a99674cf63c6b84c39cb494.jpg,0
56a0083443ce900cc26ffb1ac8f4e14d.jpg,0
ce8a7706e00fff47d488cb09ce4e18b3.jpg,0
ada5a8b47e142fb64d7c93b78dbe7d40.jpg,0
e93e0d232904ffbb764b69b328508dac.jpg,2
7170625be0dc570633622fc2f57cb67d.jpg,2
6f3ec23c2009d9993045bc60562fe929.jpg,0
508f7a49ad17bc71634ec22fdd5c787e.jpg,2
4d890fcb0bae4c250eec962e537e7f80.jpg,0
4e08c1ba09fb72b78271e32133950886.jpg,0
a7758688ae593f7e8e6515b6f19fb103.jpg,0
23f4796d5f4f737d9ec8327298beff87.jpg,2
90dfca1e31fba5dcaaf23b4846738384.jpg,0
a6fecf6c81d79f6e340d114722431d47.jpg,0
b1d81935f466a868ce6d33c1e9147be9.jpg,1
0e0177871ab67bfdf2cdcbe54c0937f0.jpg,0
8784b3e7c2f2c91d426649d5e735be08.jpg,0
29fffd7e6b9a8f7848df43c4c93dc5ea.jpg,0
f1ffe847fc32ff267509b00618826da5.jpg,0
3b0b1ba6058ac2ff10b679af7dac039d.jpg,0
5ee63245a48869ac2228e27e3d3a494e.jpg,0
ee8514e003567dcdc4d1c82f11d53fb3.jpg,0
3544ef6253d81105835ccf214b1bd5c5.jpg,0
2ae39525c1d94cdba2b3e3d63135278c.jpg,0
32d05e588b269189b9c020887b9e1ee6.jpg,0
a492bb8e06ccf95afb41e598ea59c561.jpg,0
c130ec0f1b792ae2b2c22ec68e76aeed.jpg,0
c39a597f82cc4459d52c662d1e0864af.jpg,2
be348720353a6b7ed15cea6535071a92.jpg,1
e878c16e9abe75af718aba62d2dcec02.jpg,0
cb578872dd182b367fa59bd9aa1f4963.jpg,0
9e124433bfa5f1bd5079de775aa2f65b.jpg,0
2f6c5c4a05b5b904d7474b48f1d3556b.jpg,0
7161882c6b896075d0f5af991b3359e0.jpg,0
56349b76817dfefbdb1a2ded7f814448.jpg,2
9800b255bd1587bad7af7c9891c9167f.jpg,0
ad2d8c502a4a3610405bca8440077ace.jpg,0
09e01129bcf6a01facc750d029b5177a.jpg,0
b742931a07b77d6ef67fa816ce33d895.jpg,0
fc1b2d65169aa37adc3b8d20678da9f4.jpg,0
59c7a8cd82f527c70e5ec02e4ef03832.jpg,1
4ea612d38a8f6d0d4234dfd06a5a3421.jpg,0
3edebf4e3f323dcf6737eefa54277635.jpg,0
39551038c2f8def5c9f600effd8fda8f.jpg,0
631002f0dc72b31d82ed44e852f35645.jpg,0
1f1cadade5e89e5c5939de9f520f8c0d.jpg,0
432238ae35fd0221f1b18c45cc7c16ee.jpg,0
b2b1338369d891281a056903e5e6981e.jpg,1
a02af03b06a59828b0e634bca7bfb570.jpg,0
b9a9b67869d0995fccf54a53b4aa56e4.jpg,0
c0c64d24c711ebed537dca9e7f5715e5.jpg,0
be790077e14fd2d5625433089bf74e21.jpg,0
9878be62edc251ade1ca30e1065197e3.jpg,0
7728860f98afd11fbc2a6ffe7ef22040.jpg,0
77b7178f66c659541261c15a8d5369a9.jpg,0
2ade171964c3cae4cd44a240bfe62f3a.jpg,2
eb5faa872e6ec2adb746cd8e392a1376.jpg,0
6a199ba3418adf26e4058ae6ef7a7256.jpg,0
3eade667390db901cb3c5d5aefe5460e.jpg,0
d1a62569b4a8053502ef763c87757f2a.jpg,0
c6d436745e47cbc901a0380880d47ca2.jpg,1
7423c8a35f61d246bb12eadebe2e0c37.jpg,0
e9794f45d20d8428776cdf54cb817d64.jpg,0
5d03a55e870bb315582f2a86f69f38ce.jpg,0
acaa4deb887a720f7776511d0132fa99.jpg,0
b35f2c5a06ab072fccf0735d2957e94c.jpg,0
f08f1512f9ce8f0fc5f99a35a577f836.jpg,2
e0c81397c88ff0a153d3f2d715205781.jpg,0
9dbee7da76b147f910c7e3b1c7099b7a.jpg,0
607ed68824f36c9c92fbe0243cb16930.jpg,0
46fcae5040cef41dc44057bade5d3bae.jpg,1
f57aa2c45e293c0cedac3d809afcd437.jpg,0
da4fa39b488da16f4abb343ded5193ec.jpg,2
80ef7213f41d5133648daf7caf223751.jpg,2
4ee7626cfba8194fdf0c3d2c42a2e07f.jpg,0
87ca744ed3c610eafd7c883ce24cd221.jpg,0
3d3a3199c8c4e1fa0e43093959b0db0b.jpg,0
d15047f3892d39c93aec8c1b0229d582.jpg,0
8cef5fc034113db2989ccc603ae66f81.jpg,0
73951317cb2a1d7b2359e16595c09e86.jpg,0
8122f2bb0620857b3ee489e23c408c23.jpg,0
5ab81b56d42ca62a621f124f4454ec3c.jpg,0
aaf9188f4efd1e8927db1d7c3d8481d7.jpg,1
3e96989d70208b88af398634ff3f5434.jpg,0
883fba0889a79bc68552ab80978fd616.jpg,0
5171ed8ecaa923f8f7c5e7e222407e67.jpg,0
00c66832c9036a29b0874fee4b3fbb7f.jpg,0
fbc4d8977b15fa57918b268f6f997a65.jpg,0
9e57b3d50c7b729676defe9846c6f272.jpg,0
1a67f53617c208b2d42faa1c7b2a1a56.jpg,2
3717bf8c6d29751c769f447a478085d0.jpg,0
748be02e3baa75af8ac7a5241de05caa.jpg,0
aea9142476a4eb7201d1c91b3ec6b96b.jpg,0
e0654fa3cec4c43a8379d7e7599f71e1.jpg,0
7ad886928adf51d1d6dbe11646682dae.jpg,0
b73799598f6f245c6561c6f40d3751c7.jpg,0
80f1b1445c6f5382d12b36115ae7d0cb.jpg,0
7faa9d2280b6af51234ddd896f0a851a.jpg,0
f089c3b045f0d9d9c738223760e0e864.jpg,1
c7cd1e5a72743dec2dea823e14e34108.jpg,0
c7457bba8603ff4243e773e25a445bdd.jpg,1
ce78fc1da8070bf2282fce3ee28c99dc.jpg,0
b36094e444ddc71e234001d806db8ab5.jpg,2
fa1cb2b32c45be4fd71f010d486d82be.jpg,1
95b7751cb30a252a04f9e7d20d126799.jpg,0
6e4b041e610b672e0c576d2d1c486e39.jpg,1
226de904ccbea1f1b255ef2f91d87350.jpg,0
8530393ea92cefe21821a2ae45979dff.jpg,2
2c2dcc1035127ed7a960300035fe2169.jpg,0
7794d2e635e5c5b5a296a88cfbc8ca7d.jpg,0
5d7b28545481ea3108041358365fe74f.jpg,0
4a948734b3a9fb6813861f036c3507aa.jpg,0
89140b368e221557d0790589dd657545.jpg,0
bdfb931a8f191bffed5041cb9d732402.jpg,0
06809106fc1cfb71ff476eff04226137.jpg,0
52d509a636173f863653ab490a40d704.jpg,0
5a3f1233cba510a2240a2131a6f7e94a.jpg,0
ae74c4620e553f11ef6ef4ac6f66d3a8.jpg,0
db468beb26d0646364e7691f378fedc2.jpg,0
dbe20bc72d0e0dab2af411b7ec182db2.jpg,0
6f1648ffe7d34407891d8d68019e5f37.jpg,0
dc3079ed3a74d3ba2eda767000b6317c.jpg,1
3a6c636873b164a38d511ee3675dcd49.jpg,1
5847b6d2723ea73599721b1eea5e0238.jpg,0
6c78f61e5811295c5ddd1e1464194277.jpg,0
f92b08a342c070505c94cda375a4c96e.jpg,0
73eb8f4d3a3c4081060eff1596f21995.jpg,0
e6481fca85c046967d4d4934bab58fe9.jpg,0
acb7bb17dd30eceb13f8550ded05f3e7.jpg,0
86c8dc3486193be14a18443b133be3a6.jpg,0
2c7a92454e754cea855f91d46ab22f09.jpg,0
fdc9c9d008f399a796ccf7f10554abdb.jpg,0
85180ec5e82589c50d5aa4023fcadde7.jpg,1
bed67f7caa35a330d243188e65e9c3bf.jpg,0
4d51705e0601494e66adca707d7648c3.jpg,0
f6239dac711d7ba0b217807b92ca1501.jpg,0
e1b6d54de8d43425d4f79de10a704cb5.jpg,0
ad934521e33511eb9933543645ebbcfe.jpg,0
416312f511376f17e34e8400483abd52.jpg,0
3856a15d92013767fd3f73ef4ca3c883.jpg,0
7c98044ef92c9050fc223ecb51895051.jpg,0
b59520f35b2231680caff8a8ebcd242e.jpg,0
57412359b6f484b56f198b6b7f06782d.jpg,0
df5455ca412fe7c6c70199be1a48d293.jpg,0
51694fd05f16e16baa777babf203cb93.jpg,0
8e283fd7bb37f4f0ce3741dd3bdd597d.jpg,0
8e8169608336747035bf37565836272b.jpg,0
b7704dfe6f657a0293278b41e2753640.jpg,1
1c5ed55d75097b4b1be20d00467ff27a.jpg,0
bcba2a593f68c87a0ba412736484305d.jpg,0
74a5fd948d397ae000e2267052a67083.jpg,0
a27f84960fed0bd3e8b83757eb0aeebf.jpg,0
3fa7772683273b587f5b6be0c43d63ee.jpg,0
54337e19360f591b8069ff451f4e5af4.jpg,0
c0c4060240732b397527b2d30f27c44e.jpg,0
ce7a013b5bc14a88d68374f3ec0738ef.jpg,0
a9ce51753f06c1f81b26f9121b26c7ed.jpg,0
4a3283ae90a5abc5bf138de74a601b11.jpg,0
69dd46ee258107fa3d852d8746a11de1.jpg,0
e5036132bd51eda4f874773159be047f.jpg,0
041f008f157d2b858d640e8b1ec2e9f6.jpg,0
d85820ef516897eaad4e37d1ed8d9169.jpg,2
099176ce2671e2a84f4f769cdc8bf002.jpg,0
a8a966945d9c9a7e11152c3679fc5b22.jpg,0
c70560d29bc99e6657bdaa22b6674b2b.jpg,0
be9f6c696ec8c4d867b02961a6b7d3c0.jpg,0
4e2ba9d46ffa9e033ca25f4d2a181736.jpg,0
3409506a7aceecfe68ad1a0b7fa26c00.jpg,0
0884b3a0b9ca3212990424ac4861bac4.jpg,1
58d25114cc1b73b03ffa7f2b58cba17e.jpg,0
4bf3d880a731486610d5d071ccb23c02.jpg,0
a47f028b6d2a1145165f70d693af39a9.jpg,2
28ee55d593e5e58c61e85c6c82c245f8.jpg,0
e907a0bd5bf1a05d871cdd6f00492f6c.jpg,0
94e6b931129068322f52a27c3cee7efe.jpg,0
7850575f3bd2479d24c26f11e5bd431e.jpg,0
896cfb0f9d2236a5cb39898d0bb05137.jpg,1
92ae58d9e87aad5dfa7fd3a6c98a381a.jpg,0
b6cf192569265f8d8df11a6ab9358fc7.jpg,0
9e86c5ac65546bc66e0af5c76cc47fd1.jpg,1
1b061d87b785add451158c2e9a08c017.jpg,0
34bab8cf6104d46742f33754df4653b2.jpg,0
a8015c0827fb94c442a4c758acdc95ec.jpg,0
2ac15bb3df4d8ce9b2d1a49614ea4458.jpg,0
e7d43f7da50e1eb8c5cdd9d3c6024fba.jpg,0
c585d104165f958f165dfa698de8fefa.jpg,0
e74d0829daace6e25dd444f29af15d33.jpg,0
63c15f1f16db256907142c8a3eb5d481.jpg,0
f92fcc5990cf8499bb9ee9625c66c82d.jpg,0
04f045bd2844be0309f2773601e2cb2d.jpg,1
70af76f95f1acd189dbac878847379e1.jpg,0
512192a6e1db635390c8aa905217766a.jpg,0
b83f6dd2f34384513f07bbe229d1efa3.jpg,0
f87bf8fc25384ba91204cfb8c049a87c.jpg,0
191451fc53f3f612005c79af3c438db7.jpg,1
006d63ef9688bce059ef057205a142f6.jpg,0
2c7746f68b8ff9d93e9882a202a50486.jpg,1
b045d5823ef85a4d666736a8fafcc9db.jpg,0
f0d9c3057a80738b21f6ca8595544077.jpg,2
f1ed32ac52bcb9bc58d33d872b168aed.jpg,0
38d8d0011f9c43e7adae20c8bdfcacdc.jpg,0
0a5a05cb5b7f276e9147e1e1850663a7.jpg,1
ed97fc51858a5fa41635767bbc0b9ad8.jpg,0
1afb77ed8cb74afad0a27b8471eb8878.jpg,0
db9880dfcaa74ef03f54c0be00c66a5d.jpg,2
7a289b83206946c5e218682c3f64f410.jpg,0
74001cf514c67c537b2f2b720f7431d7.jpg,2
864cab4c5ae0cb97b1638269f03d4e13.jpg,0
88750986bd18e47392cebee17a2c504a.jpg,1
920a000cbf8e77c6bd1fefb0e976816b.jpg,0
e4cf37d1a9cd76f0237ac6ff8d254a96.jpg,0
bae77808d1902311a14874847bd04a28.jpg,0
3d57f7074736a0320874105b2cc65b2b.jpg,0
fe04fe719e43fb403fdfacb9ca44a878.jpg,0
2cfb2e34a0975107e070f43154d00051.jpg,0
d868e38eb0885546189efa4f671a0971.jpg,0
684154ab9c831f0f1d3103ca3094aed1.jpg,0
77e2f439a93f91096c13e0734b653507.jpg,0
4befe2e86f04f814fe0741f93b9b3c11.jpg,0
0be6a16b7e1a9e9f17e1e9bb35c24fa8.jpg,0
02a37ab7a46480fb8618d325c85012a3.jpg,0
a4017bb8da719ace500263dbc9db77dd.jpg,0
a154c8f182b0e14a742690004b2bf993.jpg,1
ae4bd939e9993449de6a13162147c7a3.jpg,0
d9db784e5f62206219a2539fbc122d5c.jpg,0
8c44ecbdd7b7e4cdab685a3458c5ac30.jpg,1
c764f68f38e2f9c09f60933e130b4abd.jpg,0
3b3510a8b7560fa3cc263397ce351efe.jpg,0
a093825a35c304a1eeae1834a6450a76.jpg,0
beef972586d4bb15a02e72f9d4fa84b7.jpg,0
55103e7339866b1258afa11a60c67ce5.jpg,0
3624ce28a94766d341838b0792c048b0.jpg,1
a8d7cee9f64d08c643698d7f0caa3070.jpg,0
431d6e7e7514b7763a4432602fce9106.jpg,0
d584da885bd132da0a2cf5c55e543fa0.jpg,0
1a72599c2b14ff5e518e14fd4b21230a.jpg,2
5e231af1164910d85cf5819e32c4fc15.jpg,0
81df494bc42b5453306be7eae68585c0.jpg,0
80f4cef9bfdef02b22151ec609fb5564.jpg,0
7a9e0806e750226e6bd5b1b70de0f830.jpg,0
81184e24bc23beabfaa3c768ed089e30.jpg,0
547b8685ba51a4d02f538c2db7a1027f.jpg,0
cfb9f8f4eda0b55fba758c6b2ec6cc09.jpg,0
38432d3fe203b20a42d48cea34024dc1.jpg,1
364629b049668e8ff9a00b143288b1dc.jpg,0
266d5ff01c2e4df0525a3fff62c27f45.jpg,2
bdf8008f6ba1cc1e627a1ceab175ef0f.jpg,0
e9379512db0caae73284c286ea10ee7e.jpg,0
28d40bc5ba0934ee7fdddd9095acc027.jpg,0
75b87be8b15a2c34204737fc55edda23.jpg,0
655fce276930e3aeb56d893f046c6d34.jpg,0
81d72810633cfcae41cee2bc5e9d5dfc.jpg,0
fcc30a9316693d718ff552fd60002ff7.jpg,2
22e25d93c9ccae559f553ea92b484fb8.jpg,0
13a96f4a2f052a69cd5e218b38f9ad7f.jpg,1
a4d6048525870a52390b1606d697e93b.jpg,1
c2952399bb8917c502bb9a54d3d20a19.jpg,0
60c96a9dcbe9e1c07253caea6df9701b.jpg,0
0715978ff282c0b05f3ca47ed775edfa.jpg,0
09ee8de0f768b7e6aa8cf50221f7ffe6.jpg,0
d5666979f803d37ce4ef89e920eb15d1.jpg,0
06027d4aab19aff83ea6c945efb01635.jpg,0
530d775d378d35e150b2740ecdb24127.jpg,0
7955ded1bd1d47c72efd31f5372dd23f.jpg,0
00825c3ca5e607f6a8c21029fa67376e.jpg,0
c1277bc4bfd8b641d0f1237ff15d6d55.jpg,0
c18e40a1e3ad0848c6822d753205f826.jpg,0
350e694827b0f18a21748542a414acd8.jpg,0
1961419f832593e21c99faf713651fc4.jpg,2
0448374106c7f854357ffb22c676b20b.jpg,0
9e8e5da5284f56f1239149d2999e9a4e.jpg,2
7a1de769bff51345047bc2a38e81999d.jpg,0
54dbca0f02a8518c209da2a8831bfbfb.jpg,1
be682871b3a24df582bb7f767c6594d5.jpg,0
500f957291577a6836d0ae0fc9d72268.jpg,0
cc11577580408050bd88215800317db8.jpg,0
d13973e1bc9d9f4e90f2c89d291a50ec.jpg,0
3e1201ecab6a2ee79f9af3fdde16a78c.jpg,0
08cc946a10462e0b66a22dc2d951b8a8.jpg,0
e894a30c5ac5f3509c000571394a6144.jpg,1
203da7349d48b1de89e7e7d83d1d5459.jpg,1
4173622abc4a379c6bd4216e8d6da7fe.jpg,0
5a46d55f6fef63fd42963e482eb33655.jpg,0
07dc7c1a70f74211412b85ba8e9ea9a0.jpg,0
868eb425c4594360e7988ddea8cf2a40.jpg,2
d10826bd853773389c61c8b36d2461a3.jpg,0
d64f24eaba86314e188d8ecffedff871.jpg,0
52adb069af2334508e625c4f459265ca.jpg,1
f195075737845ac24e3c85d37ec7e5fa.jpg,0
732edcb32e84dac423c2dd02af743eec.jpg,0
4841a7788d29f22a67db1968c32d6aae.jpg,2
2b4b42658e8b6a468461c1e6db1a3f60.jpg,0
9b85b347907f6ffcd84d9124a9a0c2ab.jpg,0
7df7ce61c2c52546dd77d03f48b533a3.jpg,1
cf06475d2e1195b39f7cdcf70daf8d95.jpg,0
81053b0591357d6482d99413948d960e.jpg,0
db98914f21c983a2c82d930935e7fcd1.jpg,0
f240b033212c485de50552edff7ecd31.jpg,0
b30941cfb38bd7d77af3c78f653f7d2b.jpg,2
2771039b1d6c2aa0f6577c366ca7fd05.jpg,0
f66f7ed3fffe30d32ce780d04c7b7ac1.jpg,0
f65b7de4f3714641ece9e0847fbd5802.jpg,0
f76cb021fed15284e5a46632e2770d88.jpg,0
714b85684d84dc25ff5bfddc640f4afa.jpg,0
d75bc1a37a73ec85280fb1b4dba4ee92.jpg,2
fa058ff442e26a6db887452ee59776a7.jpg,0
f6da4dc6dc1390f7db54f8917a3a2eea.jpg,0
bf8acef6241faea932f411d46f0fc5ac.jpg,2
0ac552f303ff764616675769ed91a07d.jpg,0
3fc9fb8cb8dbce25534e2f9f14f9e31a.jpg,0
3e07e68cc8d912bb78f9ded7b2f8b948.jpg,0
683bb11344126a9367aedc1de1051a50.jpg,0
e3f15323ef25dc03f4927a5f190cc772.jpg,2
01085921b6009d5830fb4945c88c2071.jpg,0
5417f334a91f62462b2af55161b202d1.jpg,0
89142f70a8f26fa812767fbf30f868e4.jpg,1
81b96ce61a3c83ab6e7d0a0b11af429b.jpg,0
6e38e35ce10f0dcc94fd3fbf46625742.jpg,0
96e27c0bd1b5837af18e311fe99f6d7b.jpg,0
b7ab78d7cba26790589d201fe5a2056f.jpg,0
bcf4ed373876c8cc2ea4c40829dfcdd6.jpg,0
dc4a5fdcb870de939a280142aa5784f6.jpg,0
d750df848689b7144ab251de726cbbba.jpg,0
2b822ecb9f57a4134f9b0570bb74591f.jpg,0
0b6b3b996a9171d6c28f085527f4ffc3.jpg,0
68fb2b09c1ff03bc2e090c23255aa49c.jpg,0
3597b636ce7d78dbe39483cf973e4a2f.jpg,0
d79cf218ea3bcb44c7ef2163fe7239f5.jpg,0
4b90796b0d3abd4de2f34ab2da868504.jpg,0
ae2c24a2cf1c9a4650afe526b802b67f.jpg,0
34eb955d42ea0ed6bcb2a16f6b55ac84.jpg,0
12126d6cdd2ccf3fb5cba0eb975f7a5f.jpg,0
ea105b64f14f68b2cd799dbed1989f17.jpg,0
1b5f624bdebfa4bb493e314b5d60a870.jpg,0
1100599877e01558fcccc59ebbd12c1d.jpg,0
5d27caea375871d1dbe537a6ca4e85e3.jpg,0
96859ebe06273f92d47e5c7d2c01a3a5.jpg,0
8941d07daf86123335c2c3049e5c712f.jpg,0
9905f6399d00bbfef265659988fb4709.jpg,0
531cfd934e70edef7779fb31678a7b73.jpg,0
131285ac45ff1113d582ec3248509be6.jpg,0
3a60a37741248e11b401bd679b446b04.jpg,0
a448685417eb7ec938212d6145f49d0b.jpg,0
d4d830f966b3411b4e51bb876693fea4.jpg,0
090ea822f7b21265ed7d1b990e0a75ca.jpg,0
923ca0b2237443bebb4b3f73018ff361.jpg,0
fcd476a388dce1cf3a64258173730afd.jpg,0
2f71374f6eddfa41c9ddfb841122c6ea.jpg,0
d9dfe8ddece54a2a03f1f5ac1d80a94d.jpg,0
757205c040d84fa3ba7174a399750b66.jpg,0
f21174d250e5d211c27efaae1f21589c.jpg,0
40ffb3884a64264f284b09f3d1f1c0f7.jpg,0
70e0328be68e7648cf6fef531452c520.jpg,0
9d5824b4e3b9102c381a13abeb9f0a44.jpg,1
e6812719ac4a9d577b0b54d4f5e683a8.jpg,0
9d8107898b1d6d009a5672af2ed026fc.jpg,0
c0d071953447793b522ebf9a15f63394.jpg,0
e64ccf08745961cf925a6b7c05d20bf8.jpg,0
bef4f9d8c8772ed9fd817cff1395bb69.jpg,2
580faabffcab1d89f6b280e19f1d95ae.jpg,2
07438de4e05e9faf950aa7e7e47d06a4.jpg,0
b80506001e999880cbb33ae082196bbc.jpg,0
be08a5e7c9a80a1ac2d60e7728ca4c69.jpg,0
5b9aa12ba076253fc18cefb1e87c1d99.jpg,0
7a07c03b4e0e98098839d3dab1250e2b.jpg,0
8f43b72ed9f6e2fdf6898c77b79d5683.jpg,2
20ea4bcf8f1e1d90dd804a7e8b0eb1e9.jpg,1
00459a42de547cd62c8381d7b7ca370a.jpg,0
94c413883add870b7393189ee1153faf.jpg,0
c02a0c32482b74f313d75c499ee4eefe.jpg,0
66ab484f6daa27315fe6f5d69c2d9245.jpg,0
20bba9a54b66a16dd200bc1ae05b7ef8.jpg,0
4a994a97755e37fd9f8b76906901bbe9.jpg,0
71c6f8cca863720be907006b2c2ca616.jpg,0
0c274087c56d13cc9b4cc5ef5e5ac173.jpg,0
95bd41cc6cf469bf7e90e8c54f8177b4.jpg,0
ed77f6323aa92a18c82e82d72c6dd189.jpg,0
74ca280afaf8603d89b535930d62df8f.jpg,0
d1338504fce5ee46ee71eb3665f532a9.jpg,0
e53fba20e0ce39b24b05b9d3dcd6987b.jpg,0
7c39b82a1712352dad1a3e307e299b87.jpg,0
15c5a4695fdfaae2439b1e0e2fb6929a.jpg,0
6226a9bc9483894c569b2c50a26be54d.jpg,0
2736abf1d459bd4b88344f8508be90a9.jpg,0
14a9e486b607fc8cd1f500f07bfbdbfc.jpg,0
d21324e62e097615456730f55f5a540c.jpg,0
f17fb627b8ec9a0f8798f3b8054ff711.jpg,0
d9a98373d4cb2f6a347db70daba1af89.jpg,0
03fa59ad4c329d3f4d3fa54c4f4d493d.jpg,0
88db34a0c1ac65289e7fdcb9417da90a.jpg,0
644beed22b293b2cb82b29d6a258e3f2.jpg,0
a8e99a3a2abd241299f74837e16b2b03.jpg,0
19cf83f1536ae61606d918ae92f01842.jpg,0
166d25b5320f7096f871910ac2109979.jpg,0
68c4c1f5a011b4eef886f63690ef1ab2.jpg,0
55d2f1bd0b89e5c66d3426b978fb8ad4.jpg,0
e2581f6955b5186886bb8a2826d1e270.jpg,0
acae96749c31c726a4c51cf73d558a8c.jpg,0
cdc363429f3d538e9cb1766c02a4ec6c.jpg,0
7d67b18e1e40a6a75d39aab0facf1679.jpg,0
c87c01818de05611ab9954474293b969.jpg,0
67209ba0c0234ba3ff0b777b7e20798b.jpg,0
ff0667d0ed10d9b1b3b1a5a8fcc37cc1.jpg,0
66faf0b13de24044c62bebb112656691.jpg,0
0c0d54e70c56c72f3b62adf0d79614d9.jpg,1
3e02dd04f661d7f6b3d63afc03377109.jpg,1
73b1b232b98b4665c20ae875cbd0cf87.jpg,2
b5e9e5cbb70563753b9fbec569b45004.jpg,1
1c9a67aae3a8e89adbbfe0ce90da1c51.jpg,2
e6667163a22edc19f293f7566df4e919.jpg,1
ab1fdec60d198b47dc61130b9ca0cd17.jpg,0
03595e87bb675ee7d13216b41bb93020.jpg,0
b56c62cf0e426aaa799bf4919c1bc81b.jpg,0
0db39e3e541f715249cda48b6276aa5e.jpg,0
ae890b23329a17fd808af0333de1b13f.jpg,0
7df0d44016c5ca4774c83061f66e67bb.jpg,0
62dd83b4fcc63bf5f6a6a4a666c82500.jpg,0
31baa24cbf55af93a107ba8714bb327c.jpg,0
a44b64b6041c0713c1b37dee5087493e.jpg,0
527fa9e02b26a0a73617f287be1c0e21.jpg,0
e850a5529579e3ba4f789857363ae06a.jpg,0
08cc590ec22b964d8b14413a08c6795e.jpg,0
910609498a0d8ba649bbec2c9c9c4519.jpg,1
75d59b3193e61ae94c700d639b2a34d3.jpg,0
8a76c2a03a84c4b97527efddb8a2f9cc.jpg,0
b7424ce0a9bed24e7ca4087143e09231.jpg,0
33e8b4f5bdfa24afc1ca4f4ef422f001.jpg,0
945c5a15fc5a13e9debd58661d5869d1.jpg,1
55c14aa4d5455cca77b29625e4b3cb76.jpg,0
c81d23afe065f3fcfe5a5002270b97a2.jpg,0
2399da1d39bd87e757831229d66cc032.jpg,0
2915b8d21682e6962c4501476f2e238b.jpg,0
9398c9c7f79196b8a21e0702c0c6381f.jpg,0
ab2ee59388673a0a853765d966387efb.jpg,1
fd4fa279b4a47c9b79fd6d2865d44022.jpg,0
b2a1b33079c4dff762d3bfb27c389f10.jpg,0
1f3d57631c86b53a74ab35a432b1eacb.jpg,0
408f2690adaffb4f6c5cedacefc5ae3e.jpg,0
cfb739bb68a45a7e9391fbe86b4cc0e2.jpg,0
eefca76015ac0dd8de2d0e2cf48b8e8e.jpg,0
1ff4219a01df586c481bd7ada69124ee.jpg,0
209ca00fdbb1a6304dd2aa7b5fc7b844.jpg,0
c1560e8efa7b681fba03d9b4d850a1bf.jpg,0
96272bd7d42cc28688e5d9d484c9acef.jpg,0
acd54b2e9928331d822a1c2225ec0b94.jpg,0
af37ba3481870ce201e978710bd664e8.jpg,0
1b2b125fbb72a3359b6c8d779f5e4287.jpg,0
d69b5c203f4f2a2b0f11bfe411e45d12.jpg,0
ad0ea0a7967613ea97708df80bdcbc5d.jpg,0
58338f938bb9d062f276e8de148ab767.jpg,0
0b274b0613cd5ccbe70fe87d9e60f8a3.jpg,0
06c6ec0ff408aa9650760eab82fc4e04.jpg,0
18c119993971f3a917d0fb691da665ef.jpg,0
c9f6741be4cc49eb529bf080b3ab9de6.jpg,0
030b3ee410f0fa2a830af9162d15a951.jpg,0
7ceb8c94fc59fc919c1f6ad737478629.jpg,0
8f52d1b908e60a7062f8440e6bf05141.jpg,0
ebed112efe0295e85c74ab7cfb9a9ec1.jpg,0
7760bf19b0d34becc57675f32ac8d73c.jpg,0
6a16753722459f9b44caaf128e5004e6.jpg,0
9515366b3e647d21b9c6e4ce4536462a.jpg,1
0b47007e3d81c0a2787eb0eef903626c.jpg,0
5aa2b6b4e4db09229dccd26481fa85bb.jpg,0
883ea1332795eab6e82f0e929fa0a7a0.jpg,0
8e6b7cc2dee864f23c0fa1f054a41d83.jpg,0
63bbc2a2ce1c6b177b0be2f46c06a6be.jpg,0
d9b7e1b30a477433b94e87c6d820280e.jpg,0
f6cac534f0c0bacfda95aa16e515c6a7.jpg,0
d18543d35d7bb3cba5b288c7da7f0941.jpg,0
ffbd954946e2b3bce8d22cd9972cd3c1.jpg,2
58a62e14d7466641b87f4c52fd7878c0.jpg,0
2a0487b3ff33f9be1221f59d66dd3a4e.jpg,0
074e671f09ffff88a7a1974f232f0c83.jpg,1
fd3c24b769d6a38e0ccc92ae4ad4c74d.jpg,0
9a3e52470020fec8ab796f46c64f1dd2.jpg,1
669b60aed3e5c7ef0999787404e91a2b.jpg,0
887596c1355c5e5d659dcf9bd45a4952.jpg,0
0f476dc177b36a25081da6bec9fdbdb8.jpg,0
dbbb3ba1af84369bc9db286aa62a6606.jpg,0
99f548355d17d8819602013f4ff9fe6b.jpg,1
b3f994674dfb8edf05e3a5f3f7f35e95.jpg,0
b92a12f3f1f0a72af5eb13f31abea9f5.jpg,0
a82fcee39fe710001a47774cf87af455.jpg,0
dd308851ab482c1cc718d7b6b5e03c81.jpg,0
556085c6a1e9bd3fbcfa0f259b58be01.jpg,0
4ba0096280a8d6eb70d0b4f03a04f78c.jpg,0
47c46169cf0e03493e77945d3c006e22.jpg,0
5a16a57321444ebab924347e1d6ef7e1.jpg,0
728baebf58652ffc62df2bdd51139cae.jpg,0
32f0a135dccfbeada1deee9c2af305d6.jpg,0
6ffa5cd00607f34be03eaf5a0f954355.jpg,0
86be7e25837e7bceb203a8518fab0048.jpg,2
c770999df1ea76fc9e4d70758828b560.jpg,0
b2453e9c3320c4a969d90b544be56ca9.jpg,0
1b95ed895fd647163b19453c2f0e77a5.jpg,0
2e05c8caff6b14795e491c897d8d8a8d.jpg,0
8e79cf2476555995223c7367a52b12ed.jpg,0
bfaa2e47d85be5647d9cf0c2a7e1ec5f.jpg,0
34ec539c2844f0e9e166b8602b26fc5b.jpg,0
378d9f03d522d674d076574f505f23eb.jpg,0
24f50de90e576d95a32310e0956884fc.jpg,0
fda2ed31e2707893c29028feb6b3c47e.jpg,0
c4f029f2d1a6190f7c7904e9ce254d0d.jpg,0
6fc25991d26e1d6210a3cc643eba0c15.jpg,0
0788c1851cef8106cdda199492226508.jpg,0
ed611ecd466167211a0dbd8758beaf98.jpg,0
7eb46a2c6f38f7406a8a91857b0530fb.jpg,1
eca63e441bbe6251abc34751d32ec451.jpg,1
ac0e90c2abe9a67fd9d977d5a94181d1.jpg,0
4cda009e4ef48ab7268d6b9b9596e6fa.jpg,0
4434ce45cf6c05896f65124b63904660.jpg,0
aac3b1b3f25ba1bdacc94e4ce807afbb.jpg,0
1e4a3f0663f5ef9a517c379a9709a501.jpg,0
37f19eab2240fca008c7c9a0c8d8c1ce.jpg,0
e9864a5a381bad2dd81a4d48cf08b30f.jpg,0
8d9d9c75b8a032dda1ea154020ffe978.jpg,0
f6968f6fc0de02e080ade43fa60c7a81.jpg,0
41d8c18bb1bda5748cdcd193cb6a28bb.jpg,0
a5ee30bc9f099c16a11f06548dab9a5e.jpg,0
4d68414960179001dbc72c87de03ac93.jpg,0
699e57a6e8afac015eda4ea16bcd399e.jpg,0
50d754a6cbe3acf54570ad194f270783.jpg,0
2227100e43e057c03f6942c765d348b9.jpg,0
f3f3479102e9c8a2c893afb812b51304.jpg,0
ffa86608c7ca57abbfef8812b6947d90.jpg,0
0bd655e5efd328cbe1c598087da995d7.jpg,0
be053179077225a6caf5d044802ee690.jpg,0
c06e85367d3fe1f6d1ac9ec83a853acc.jpg,0
263e405af91136a422e5a19bdfb0bfb6.jpg,0
7f63a16ce24fce82748367dd12baafc0.jpg,0
9227006bdb8446d836f4cad156424306.jpg,1
59457bded07662f12ecc3187889e04f1.jpg,1
5a142da535df4c9394c088b813aad249.jpg,0
dcc6f5c1d758813c8fc6758db62d85e5.jpg,0
4006ade5cbab5f6f02887bdd1dc194c4.jpg,0
03ad58c6e38db8f6013cfccfbc142a19.jpg,1
53aa2091faba1b3a39d3d3c1eac60bc5.jpg,0
f9cd647d62e09a35151cf7e6062739f3.jpg,1
e60a5436d12a42251d839fc1c9601e1f.jpg,0
04d6c6083ff5e228eff46bffef29e3d7.jpg,0
fa091024faf8e28df8472964b84f731c.jpg,1
86e29f346397dd8ba8b26934f4e1364d.jpg,0
041246b40c2007eea9dffb43694cf923.jpg,0
27bd197387bd3924a64f0b192f6d9188.jpg,1
06f6a6f19006281e3bf40b22e4811820.jpg,2
7bf78406c8f74c2d07c42903235444d7.jpg,0
7b327dc3dc80a7ad5fc659d6f8aa2d43.jpg,0
10045bcfb4f9c731bd43f773d1d59896.jpg,0
813f9e09c1bda91cbf52afa1fc575812.jpg,2
daac8cb1cd1be595185823ee092371b8.jpg,0
095f5e543f28a9d5a519ec08b90d075f.jpg,0
190979502c414428ff064ccd9c9854f2.jpg,0
f93fc8cac17528004ebd6ea66a174226.jpg,0
eb6398793254be3fcab81911783bfc6a.jpg,0
39a77d043e9dc1690c76081a8de80091.jpg,2
6f83f71c2a7eeb63c0ac67a6a94f5fea.jpg,0
dc8ea33416d9b1932f6643c0f9fc56f8.jpg,0
28aa67271fc0e7a4d38772259854c526.jpg,0
be385589e006c1889ac4a3b20a60902a.jpg,0
fde1a2b4cb91eb34abf20efebb2ab0f4.jpg,2
f18a642f28bc6f79e51b3f938a051d07.jpg,0
cad029d76e4b83cdb85e9599ebf98784.jpg,0
a0f4e73f53fde20cf5370788c794127d.jpg,0
1b69ad6f7f37dfd784beda6036013d9f.jpg,0
15be922b0b3a6e87fd3fd697897f58ea.jpg,0
6070a50320e0c8310908f5ca00837dd8.jpg,0
